[{"model": "app.tag", "pk": 1, "fields": {"name": "Завтрак", "color": "#D68910", "slug": "zavtrak"}}, {"model": "app.tag", "pk": 2, "fields": {"name": "Обед", "color": "#28B463", "slug": "obed"}}, {"model": "app.tag", "pk": 3, "fields": {"name": "Ужин", "color": "#2E86C1", "slug": "uzhin"}}, {"model": "app.ingredient", "pk": 1, "fields": {"name": "абрикосовое варенье", "measurement_unit": "г"}}, {"model": "app.ingredient", "pk": 2, "fields": {"name": "абрикосовое пюре", "measurement_unit": "г"}}, {"model": "app.ingredient", "pk": 3, "fields": {"name": "абрикосовый джем", "measurement_unit": "г"}}, {"model": "app.ingredient", "pk": 4, "fields": {"name": "абрикосовый сок", "measurement_unit": "стакан"}}, {"model": "app.ingredient", "pk": 5, "fields": {"name": "абрикосы", "measurement_unit": "г"}}, {"model": "app.ingredient", "pk": 6, "fields": {"name": "абрикосы консервированные", "measurement_unit": "г"}}, {"model": "app.ingredient", "pk": 7, "fields": {"name": "авокадо", "measurement_unit": "по вкусу"}}, {"model": "app.ingredient", "pk": 8, "fields": {"name": "агава сироп", "measurement_unit": "г"}}, {"model": "app.ingredient", "pk": 9, "fields": {"name": "агар-агар", "measurement_unit": "г"}}, {"model": "app.ingredient", "pk": 10, "fields": {"name": "аграм", "measurement_unit": "г"}}, {"model": "app.ingredient", "pk": 11, "fields": {"name": "аджика", "measurement_unit": "г"}}, {"model": "app.ingredient", "pk": 12, "fields": {"name": "аджика зеленая", "measurement_unit": "г"}}, {"model": "app.ingredient", "pk": 13, "fields": {"name": "айва", "measurement_unit": "по вкусу"}}, {"model": "app.ingredient", "pk": 14, "fields": {"name": "айвовое пюре", "measurement_unit": "г"}}, {"model": "app.ingredient", "pk": 15, "fields": {"name": "айран", "measurement_unit": "г"}}, {"model": "app.ingredient", "pk": 16, "fields": {"name": "айсинг", "measurement_unit": "г"}}, {"model": "app.ingredient", "pk": 17, "fields": {"name": "акула стейки", "measurement_unit": "г"}}, {"model": "app.ingredient", "pk": 18, "fields": {"name": "алкоголь", "measurement_unit": "стакан"}}, {"model": "app.ingredient", "pk": 19, "fields": {"name": "алкоголь крепкий", "measurement_unit": "ст. л."}}, {"model": "app.ingredient", "pk": 20, "fields": {"name": "алыча", "measurement_unit": "г"}}, {"model": "app.ingredient", "pk": 21, "fields": {"name": "альбухара", "measurement_unit": "шт."}}, {"model": "app.ingredient", "pk": 22, "fields": {"name": "альмехи", "measurement_unit": "г"}}, {"model": "app.ingredient", "pk": 23, "fields": {"name": "амарантовая мука", "measurement_unit": "г"}}, {"model": "app.ingredient", "pk": 24, "fields": {"name": "ананасовый сироп", "measurement_unit": "г"}}, {"model": "app.ingredient", "pk": 25, "fields": {"name": "ананасовый сок", "measurement_unit": "г"}}, {"model": "app.ingredient", "pk": 26, "fields": {"name": "ананасы", "measurement_unit": "г"}}, {"model": "app.ingredient", "pk": 27, "fields": {"name": "ананасы вяленые", "measurement_unit": "г"}}, {"model": "app.ingredient", "pk": 28, "fields": {"name": "ананасы консервированные", "measurement_unit": "по вкусу"}}, {"model": "app.ingredient", "pk": 29, "fields": {"name": "анис", "measurement_unit": "по вкусу"}}, {"model": "app.ingredient", "pk": 30, "fields": {"name": "анис звездочки", "measurement_unit": "г"}}, {"model": "app.ingredient", "pk": 31, "fields": {"name": "анисовый ликер", "measurement_unit": "мл"}}, {"model": "app.ingredient", "pk": 32, "fields": {"name": "анис семена", "measurement_unit": "г"}}, {"model": "app.ingredient", "pk": 33, "fields": {"name": "анчоусы", "measurement_unit": "г"}}, {"model": "app.ingredient", "pk": 34, "fields": {"name": "апельсиновая вода", "measurement_unit": "г"}}, {"model": "app.ingredient", "pk": 35, "fields": {"name": "апельсиновая цедра", "measurement_unit": "г"}}, {"model": "app.ingredient", "pk": 36, "fields": {"name": "апельсиновая эссенция", "measurement_unit": "ч. л."}}, {"model": "app.ingredient", "pk": 37, "fields": {"name": "апельсиновое варенье", "measurement_unit": "г"}}, {"model": "app.ingredient", "pk": 38, "fields": {"name": "апельсиновые цукаты", "measurement_unit": "г"}}, {"model": "app.ingredient", "pk": 39, "fields": {"name": "апельсиновый джем", "measurement_unit": "г"}}, {"model": "app.ingredient", "pk": 40, "fields": {"name": "апельсиновый джем с имбирем", "measurement_unit": "г"}}, {"model": "app.ingredient", "pk": 41, "fields": {"name": "апельсиновый ликер", "measurement_unit": "г"}}, {"model": "app.ingredient", "pk": 42, "fields": {"name": "апельсиновый сироп", "measurement_unit": "стакан"}}, {"model": "app.ingredient", "pk": 43, "fields": {"name": "апельсиновый сок", "measurement_unit": "по вкусу"}}, {"model": "app.ingredient", "pk": 44, "fields": {"name": "апельсиновый сок свежевыжатый", "measurement_unit": "г"}}, {"model": "app.ingredient", "pk": 45, "fields": {"name": "апельсиновый уксус", "measurement_unit": "ст. л."}}, {"model": "app.ingredient", "pk": 46, "fields": {"name": "апельсиновый экстракт", "measurement_unit": "ч. л."}}, {"model": "app.ingredient", "pk": 47, "fields": {"name": "апельсины", "measurement_unit": "г"}}, {"model": "app.ingredient", "pk": 48, "fields": {"name": "апельсины красные", "measurement_unit": "шт."}}, {"model": "app.ingredient", "pk": 49, "fields": {"name": "апельсины крупные", "measurement_unit": "шт."}}, {"model": "app.ingredient", "pk": 50, "fields": {"name": "арахис", "measurement_unit": "г"}}, {"model": "app.ingredient", "pk": 51, "fields": {"name": "арахис жареный", "measurement_unit": "г"}}, {"model": "app.ingredient", "pk": 52, "fields": {"name": "арахисовая паста", "measurement_unit": "г"}}, {"model": "app.ingredient", "pk": 53, "fields": {"name": "арахисовое масло", "measurement_unit": "г"}}, {"model": "app.ingredient", "pk": 54, "fields": {"name": "арахис соленый", "measurement_unit": "г"}}, {"model": "app.ingredient", "pk": 55, "fields": {"name": "арбузная мякоть", "measurement_unit": "г"}}, {"model": "app.ingredient", "pk": 56, "fields": {"name": "арбузы", "measurement_unit": "г"}}, {"model": "app.ingredient", "pk": 57, "fields": {"name": "аргановое масло", "measurement_unit": "г"}}, {"model": "app.ingredient", "pk": 58, "fields": {"name": "аришта", "measurement_unit": "г"}}, {"model": "app.ingredient", "pk": 59, "fields": {"name": "ароматизатор", "measurement_unit": "г"}}, {"model": "app.ingredient", "pk": 60, "fields": {"name": "ароматизатор \"ананас\"", "measurement_unit": "по вкусу"}}, {"model": "app.ingredient", "pk": 61, "fields": {"name": "ароматизатор \"вишня\"", "measurement_unit": "капля"}}, {"model": "app.ingredient", "pk": 62, "fields": {"name": "ароматизатор \"малина\"", "measurement_unit": "капля"}}, {"model": "app.ingredient", "pk": 63, "fields": {"name": "ароматизатор \"ром\"", "measurement_unit": "г"}}, {"model": "app.ingredient", "pk": 64, "fields": {"name": "артишоки", "measurement_unit": "г"}}, {"model": "app.ingredient", "pk": 65, "fields": {"name": "артишоки в масле", "measurement_unit": "г"}}, {"model": "app.ingredient", "pk": 66, "fields": {"name": "артишоки маринованные", "measurement_unit": "г"}}, {"model": "app.ingredient", "pk": 67, "fields": {"name": "аспирин", "measurement_unit": "шт."}}, {"model": "app.ingredient", "pk": 68, "fields": {"name": "ассорти мясное", "measurement_unit": "г"}}, {"model": "app.ingredient", "pk": 69, "fields": {"name": "ассорти овощное", "measurement_unit": "г"}}, {"model": "app.ingredient", "pk": 70, "fields": {"name": "ассорти фруктовое", "measurement_unit": "г"}}, {"model": "app.ingredient", "pk": 71, "fields": {"name": "ассорти ягодное", "measurement_unit": "г"}}, {"model": "app.ingredient", "pk": 72, "fields": {"name": "аши", "measurement_unit": "г"}}, {"model": "app.ingredient", "pk": 73, "fields": {"name": "багет", "measurement_unit": "г"}}, {"model": "app.ingredient", "pk": 74, "fields": {"name": "багет вчерашний", "measurement_unit": "г"}}, {"model": "app.ingredient", "pk": 75, "fields": {"name": "багет мини", "measurement_unit": "г"}}, {"model": "app.ingredient", "pk": 76, "fields": {"name": "бадан", "measurement_unit": "звездочка"}}, {"model": "app.ingredient", "pk": 77, "fields": {"name": "бадьян", "measurement_unit": "щепотка"}}, {"model": "app.ingredient", "pk": 78, "fields": {"name": "базилик лимонный", "measurement_unit": "г"}}, {"model": "app.ingredient", "pk": 79, "fields": {"name": "базилик свежий", "measurement_unit": "г"}}, {"model": "app.ingredient", "pk": 80, "fields": {"name": "базилик сушеный", "measurement_unit": "г"}}, {"model": "app.ingredient", "pk": 81, "fields": {"name": "базилик тайский", "measurement_unit": "горсть"}}, {"model": "app.ingredient", "pk": 82, "fields": {"name": "базилик фиолетовый", "measurement_unit": "г"}}, {"model": "app.ingredient", "pk": 83, "fields": {"name": "баклажаны", "measurement_unit": "по вкусу"}}, {"model": "app.ingredient", "pk": 84, "fields": {"name": "баклажаны мини", "measurement_unit": "г"}}, {"model": "app.ingredient", "pk": 85, "fields": {"name": "баклажаны тайские", "measurement_unit": "г"}}, {"model": "app.ingredient", "pk": 86, "fields": {"name": "балык", "measurement_unit": "г"}}, {"model": "app.ingredient", "pk": 87, "fields": {"name": "бальзам", "measurement_unit": "г"}}, {"model": "app.ingredient", "pk": 88, "fields": {"name": "бальзамический крем", "measurement_unit": "стакан"}}, {"model": "app.ingredient", "pk": 89, "fields": {"name": "бальзамический соус", "measurement_unit": "ст. л."}}, {"model": "app.ingredient", "pk": 90, "fields": {"name": "бальзамический уксус", "measurement_unit": "стакан"}}, {"model": "app.ingredient", "pk": 91, "fields": {"name": "бальзам рижский черный", "measurement_unit": "ст. л."}}, {"model": "app.ingredient", "pk": 92, "fields": {"name": "бамия", "measurement_unit": "г"}}, {"model": "app.ingredient", "pk": 93, "fields": {"name": "банановое пюре", "measurement_unit": "г"}}, {"model": "app.ingredient", "pk": 94, "fields": {"name": "банановые чипсы", "measurement_unit": "горсть"}}, {"model": "app.ingredient", "pk": 95, "fields": {"name": "банановый зеленый сироп", "measurement_unit": "мл"}}, {"model": "app.ingredient", "pk": 96, "fields": {"name": "банановый ликер", "measurement_unit": "мл"}}, {"model": "app.ingredient", "pk": 97, "fields": {"name": "бананы", "measurement_unit": "г"}}, {"model": "app.ingredient", "pk": 98, "fields": {"name": "бананы мини", "measurement_unit": "г"}}, {"model": "app.ingredient", "pk": 99, "fields": {"name": "барабулька", "measurement_unit": "г"}}, {"model": "app.ingredient", "pk": 100, "fields": {"name": "бараний ливер", "measurement_unit": "г"}}, {"model": "app.ingredient", "pk": 101, "fields": {"name": "бараний окорок на косточке", "measurement_unit": "кусок"}}, {"model": "app.ingredient", "pk": 102, "fields": {"name": "бараний фарш", "measurement_unit": "г"}}, {"model": "app.ingredient", "pk": 103, "fields": {"name": "баранина", "measurement_unit": "г"}}, {"model": "app.ingredient", "pk": 104, "fields": {"name": "баранки", "measurement_unit": "г"}}, {"model": "app.ingredient", "pk": 105, "fields": {"name": "бараньи антрекоты", "measurement_unit": "кг"}}, {"model": "app.ingredient", "pk": 106, "fields": {"name": "бараньи голяшки", "measurement_unit": "шт."}}, {"model": "app.ingredient", "pk": 107, "fields": {"name": "бараньи потроха", "measurement_unit": "кг"}}, {"model": "app.ingredient", "pk": 108, "fields": {"name": "бараньи ребрышки", "measurement_unit": "шт."}}, {"model": "app.ingredient", "pk": 109, "fields": {"name": "баранья лопатка", "measurement_unit": "кг"}}, {"model": "app.ingredient", "pk": 110, "fields": {"name": "баранья нога", "measurement_unit": "г"}}, {"model": "app.ingredient", "pk": 111, "fields": {"name": "баранья печень", "measurement_unit": "г"}}, {"model": "app.ingredient", "pk": 112, "fields": {"name": "барбарис", "measurement_unit": "г"}}, {"model": "app.ingredient", "pk": 113, "fields": {"name": "барбарис вяленый", "measurement_unit": "ст. л."}}, {"model": "app.ingredient", "pk": 114, "fields": {"name": "барбарис молотый", "measurement_unit": "г"}}, {"model": "app.ingredient", "pk": 115, "fields": {"name": "бастурма", "measurement_unit": "г"}}, {"model": "app.ingredient", "pk": 116, "fields": {"name": "батат", "measurement_unit": "г"}}, {"model": "app.ingredient", "pk": 117, "fields": {"name": "батон", "measurement_unit": "г"}}, {"model": "app.ingredient", "pk": 118, "fields": {"name": "батончики шоколадные", "measurement_unit": "г"}}, {"model": "app.ingredient", "pk": 119, "fields": {"name": "безе", "measurement_unit": "г"}}, {"model": "app.ingredient", "pk": 120, "fields": {"name": "бекон", "measurement_unit": "по вкусу"}}, {"model": "app.ingredient", "pk": 121, "fields": {"name": "бекон варено-копченый", "measurement_unit": "г"}}, {"model": "app.ingredient", "pk": 122, "fields": {"name": "бекон сырокопченый", "measurement_unit": "г"}}, {"model": "app.ingredient", "pk": 123, "fields": {"name": "белорыбица", "measurement_unit": "г"}}, {"model": "app.ingredient", "pk": 124, "fields": {"name": "бирнель", "measurement_unit": "мл"}}, {"model": "app.ingredient", "pk": 125, "fields": {"name": "бисквик смесь готовая", "measurement_unit": "пакет"}}, {"model": "app.ingredient", "pk": 126, "fields": {"name": "бисквит", "measurement_unit": "г"}}, {"model": "app.ingredient", "pk": 127, "fields": {"name": "бисквитная крошка", "measurement_unit": "г"}}, {"model": "app.ingredient", "pk": 128, "fields": {"name": "бисквитный корж", "measurement_unit": "г"}}, {"model": "app.ingredient", "pk": 129, "fields": {"name": "бисквитный рулет", "measurement_unit": "г"}}, {"model": "app.ingredient", "pk": 130, "fields": {"name": "бисквит шоколадный", "measurement_unit": "г"}}, {"model": "app.ingredient", "pk": 131, "fields": {"name": "бифштекс", "measurement_unit": "шт."}}, {"model": "app.ingredient", "pk": 132, "fields": {"name": "блинная мука", "measurement_unit": "г"}}, {"model": "app.ingredient", "pk": 133, "fields": {"name": "блины готовые", "measurement_unit": "г"}}, {"model": "app.ingredient", "pk": 134, "fields": {"name": "блины овсяные", "measurement_unit": "шт."}}, {"model": "app.ingredient", "pk": 135, "fields": {"name": "бобовые ростки", "measurement_unit": "г"}}, {"model": "app.ingredient", "pk": 136, "fields": {"name": "бобы", "measurement_unit": "г"}}, {"model": "app.ingredient", "pk": 137, "fields": {"name": "бобы мунг пророщенные", "measurement_unit": "г"}}, {"model": "app.ingredient", "pk": 138, "fields": {"name": "бобы тонка", "measurement_unit": "шт."}}, {"model": "app.ingredient", "pk": 139, "fields": {"name": "ботарга", "measurement_unit": "г"}}, {"model": "app.ingredient", "pk": 140, "fields": {"name": "брезаола", "measurement_unit": "г"}}, {"model": "app.ingredient", "pk": 141, "fields": {"name": "бренди", "measurement_unit": "г"}}, {"model": "app.ingredient", "pk": 142, "fields": {"name": "брокколи замороженная", "measurement_unit": "г"}}, {"model": "app.ingredient", "pk": 143, "fields": {"name": "брокколи свежая", "measurement_unit": "г"}}, {"model": "app.ingredient", "pk": 144, "fields": {"name": "брусника замороженная", "measurement_unit": "г"}}, {"model": "app.ingredient", "pk": 145, "fields": {"name": "брусника свежая", "measurement_unit": "г"}}, {"model": "app.ingredient", "pk": 146, "fields": {"name": "брусника сушеная", "measurement_unit": "г"}}, {"model": "app.ingredient", "pk": 147, "fields": {"name": "брусничное варенье", "measurement_unit": "г"}}, {"model": "app.ingredient", "pk": 148, "fields": {"name": "брусничный соус", "measurement_unit": "г"}}, {"model": "app.ingredient", "pk": 149, "fields": {"name": "брынза", "measurement_unit": "по вкусу"}}, {"model": "app.ingredient", "pk": 150, "fields": {"name": "брынза сербская", "measurement_unit": "г"}}, {"model": "app.ingredient", "pk": 151, "fields": {"name": "брюква", "measurement_unit": "г"}}, {"model": "app.ingredient", "pk": 152, "fields": {"name": "буженина", "measurement_unit": "г"}}, {"model": "app.ingredient", "pk": 153, "fields": {"name": "бузина сироп", "measurement_unit": "ст. л."}}, {"model": "app.ingredient", "pk": 154, "fields": {"name": "букет гарни", "measurement_unit": "пучок"}}, {"model": "app.ingredient", "pk": 155, "fields": {"name": "булгур", "measurement_unit": "г"}}, {"model": "app.ingredient", "pk": 156, "fields": {"name": "булка", "measurement_unit": "кусок"}}, {"model": "app.ingredient", "pk": 157, "fields": {"name": "булка белая", "measurement_unit": "г"}}, {"model": "app.ingredient", "pk": 158, "fields": {"name": "булка сдобная", "measurement_unit": "г"}}, {"model": "app.ingredient", "pk": 159, "fields": {"name": "булочки", "measurement_unit": "г"}}, {"model": "app.ingredient", "pk": 160, "fields": {"name": "булочки белые черствые", "measurement_unit": "г"}}, {"model": "app.ingredient", "pk": 161, "fields": {"name": "булочки бриошь", "measurement_unit": "шт."}}, {"model": "app.ingredient", "pk": 162, "fields": {"name": "булочки вчерашние", "measurement_unit": "шт."}}, {"model": "app.ingredient", "pk": 163, "fields": {"name": "булочки для гамбургеров", "measurement_unit": "шт."}}, {"model": "app.ingredient", "pk": 164, "fields": {"name": "булочки зерновые", "measurement_unit": "шт."}}, {"model": "app.ingredient", "pk": 165, "fields": {"name": "булочки ржаные", "measurement_unit": "кусок"}}, {"model": "app.ingredient", "pk": 166, "fields": {"name": "булочки с кунжутом", "measurement_unit": "шт."}}, {"model": "app.ingredient", "pk": 167, "fields": {"name": "бульон", "measurement_unit": "г"}}, {"model": "app.ingredient", "pk": 168, "fields": {"name": "бульонные кубики", "measurement_unit": "г"}}, {"model": "app.ingredient", "pk": 169, "fields": {"name": "бурбон", "measurement_unit": "г"}}, {"model": "app.ingredient", "pk": 170, "fields": {"name": "Буррата", "measurement_unit": "г"}}, {"model": "app.ingredient", "pk": 171, "fields": {"name": "буряк", "measurement_unit": "г"}}, {"model": "app.ingredient", "pk": 172, "fields": {"name": "бусинки кондитерские", "measurement_unit": "ч. л."}}, {"model": "app.ingredient", "pk": 173, "fields": {"name": "бусинки кондитерские серебряные", "measurement_unit": "по вкусу"}}, {"model": "app.ingredient", "pk": 174, "fields": {"name": "бычий хвост", "measurement_unit": "г"}}, {"model": "app.ingredient", "pk": 175, "fields": {"name": "ванилин", "measurement_unit": "г"}}, {"model": "app.ingredient", "pk": 176, "fields": {"name": "ваниль в стручках", "measurement_unit": "г"}}, {"model": "app.ingredient", "pk": 177, "fields": {"name": "ванильная настойка", "measurement_unit": "ст. л."}}, {"model": "app.ingredient", "pk": 178, "fields": {"name": "ванильная эссенция", "measurement_unit": "г"}}, {"model": "app.ingredient", "pk": 179, "fields": {"name": "ванильный порошок", "measurement_unit": "г"}}, {"model": "app.ingredient", "pk": 180, "fields": {"name": "ванильный сироп", "measurement_unit": "г"}}, {"model": "app.ingredient", "pk": 181, "fields": {"name": "ванильный экстракт", "measurement_unit": "по вкусу"}}, {"model": "app.ingredient", "pk": 182, "fields": {"name": "варенье", "measurement_unit": "г"}}, {"model": "app.ingredient", "pk": 183, "fields": {"name": "васаби", "measurement_unit": "г"}}, {"model": "app.ingredient", "pk": 184, "fields": {"name": "вафельная крошка", "measurement_unit": "г"}}, {"model": "app.ingredient", "pk": 185, "fields": {"name": "вафельные коржи", "measurement_unit": "г"}}, {"model": "app.ingredient", "pk": 186, "fields": {"name": "вафельные трубочки", "measurement_unit": "г"}}, {"model": "app.ingredient", "pk": 187, "fields": {"name": "вафли", "measurement_unit": "г"}}, {"model": "app.ingredient", "pk": 188, "fields": {"name": "вафли шоколадные", "measurement_unit": "г"}}, {"model": "app.ingredient", "pk": 189, "fields": {"name": "вермишель", "measurement_unit": "г"}}, {"model": "app.ingredient", "pk": 190, "fields": {"name": "вермишель яичная", "measurement_unit": "г"}}, {"model": "app.ingredient", "pk": 191, "fields": {"name": "вермут", "measurement_unit": "г"}}, {"model": "app.ingredient", "pk": 192, "fields": {"name": "вермут белый", "measurement_unit": "г"}}, {"model": "app.ingredient", "pk": 193, "fields": {"name": "вермут сухой", "measurement_unit": "г"}}, {"model": "app.ingredient", "pk": 194, "fields": {"name": "ветчина", "measurement_unit": "г"}}, {"model": "app.ingredient", "pk": 195, "fields": {"name": "ветчина вареная", "measurement_unit": "г"}}, {"model": "app.ingredient", "pk": 196, "fields": {"name": "ветчина варено-копченая", "measurement_unit": "кусок"}}, {"model": "app.ingredient", "pk": 197, "fields": {"name": "ветчина копченая", "measurement_unit": "г"}}, {"model": "app.ingredient", "pk": 198, "fields": {"name": "ветчина пармская", "measurement_unit": "г"}}, {"model": "app.ingredient", "pk": 199, "fields": {"name": "ветчина сырокопченая", "measurement_unit": "г"}}, {"model": "app.ingredient", "pk": 200, "fields": {"name": "вешенки", "measurement_unit": "г"}}, {"model": "app.ingredient", "pk": 201, "fields": {"name": "винегрет", "measurement_unit": "г"}}, {"model": "app.ingredient", "pk": 202, "fields": {"name": "винный камень", "measurement_unit": "щепотка"}}, {"model": "app.ingredient", "pk": 203, "fields": {"name": "винный уксус", "measurement_unit": "г"}}, {"model": "app.ingredient", "pk": 204, "fields": {"name": "винный уксус белый", "measurement_unit": "г"}}, {"model": "app.ingredient", "pk": 205, "fields": {"name": "винный уксус красный", "measurement_unit": "ч. л."}}, {"model": "app.ingredient", "pk": 206, "fields": {"name": "винный уксус на чесноке", "measurement_unit": "ч. л."}}, {"model": "app.ingredient", "pk": 207, "fields": {"name": "винный уксус на эстрагоне", "measurement_unit": "ст. л."}}, {"model": "app.ingredient", "pk": 208, "fields": {"name": "вино белое", "measurement_unit": "по вкусу"}}, {"model": "app.ingredient", "pk": 209, "fields": {"name": "вино белое полусладкое", "measurement_unit": "г"}}, {"model": "app.ingredient", "pk": 210, "fields": {"name": "вино белое полусухое", "measurement_unit": "г"}}, {"model": "app.ingredient", "pk": 211, "fields": {"name": "вино белое сладкое", "measurement_unit": "г"}}, {"model": "app.ingredient", "pk": 212, "fields": {"name": "вино белое столовое", "measurement_unit": "стакан"}}, {"model": "app.ingredient", "pk": 213, "fields": {"name": "вино белое сухое", "measurement_unit": "г"}}, {"model": "app.ingredient", "pk": 214, "fields": {"name": "виноград", "measurement_unit": "г"}}, {"model": "app.ingredient", "pk": 215, "fields": {"name": "виноград без косточек", "measurement_unit": "г"}}, {"model": "app.ingredient", "pk": 216, "fields": {"name": "виноград белый", "measurement_unit": "г"}}, {"model": "app.ingredient", "pk": 217, "fields": {"name": "виноград изабелла", "measurement_unit": "кг"}}, {"model": "app.ingredient", "pk": 218, "fields": {"name": "виноградное желе", "measurement_unit": "ст. л."}}, {"model": "app.ingredient", "pk": 219, "fields": {"name": "виноградные листья", "measurement_unit": "г"}}, {"model": "app.ingredient", "pk": 220, "fields": {"name": "виноградные листья маринованные", "measurement_unit": "г"}}, {"model": "app.ingredient", "pk": 221, "fields": {"name": "виноградные листья молодые", "measurement_unit": "шт."}}, {"model": "app.ingredient", "pk": 222, "fields": {"name": "виноградный сок", "measurement_unit": "г"}}, {"model": "app.ingredient", "pk": 223, "fields": {"name": "виноградный сок осветленный", "measurement_unit": "ч. л."}}, {"model": "app.ingredient", "pk": 224, "fields": {"name": "виноград синий", "measurement_unit": "г"}}, {"model": "app.ingredient", "pk": 225, "fields": {"name": "виноград черный", "measurement_unit": "г"}}, {"model": "app.ingredient", "pk": 226, "fields": {"name": "вино десертное", "measurement_unit": "г"}}, {"model": "app.ingredient", "pk": 227, "fields": {"name": "вино игристое сухое", "measurement_unit": "г"}}, {"model": "app.ingredient", "pk": 228, "fields": {"name": "вино красное", "measurement_unit": "г"}}, {"model": "app.ingredient", "pk": 229, "fields": {"name": "вино красное полусладкое", "measurement_unit": "г"}}, {"model": "app.ingredient", "pk": 230, "fields": {"name": "вино красное полусухое", "measurement_unit": "г"}}, {"model": "app.ingredient", "pk": 231, "fields": {"name": "вино красное сладкое", "measurement_unit": "г"}}, {"model": "app.ingredient", "pk": 232, "fields": {"name": "вино красное сухое", "measurement_unit": "г"}}, {"model": "app.ingredient", "pk": 233, "fields": {"name": "вино крепленое", "measurement_unit": "г"}}, {"model": "app.ingredient", "pk": 234, "fields": {"name": "вино розовое полусладкое", "measurement_unit": "ст. л."}}, {"model": "app.ingredient", "pk": 235, "fields": {"name": "вино розовое полусухое", "measurement_unit": "г"}}, {"model": "app.ingredient", "pk": 236, "fields": {"name": "виски", "measurement_unit": "г"}}, {"model": "app.ingredient", "pk": 237, "fields": {"name": "витамин C в порошке", "measurement_unit": "г"}}, {"model": "app.ingredient", "pk": 238, "fields": {"name": "вишневая настойка", "measurement_unit": "мл"}}, {"model": "app.ingredient", "pk": 239, "fields": {"name": "вишневое варенье", "measurement_unit": "г"}}, {"model": "app.ingredient", "pk": 240, "fields": {"name": "вишневые листья", "measurement_unit": "г"}}, {"model": "app.ingredient", "pk": 241, "fields": {"name": "вишневый джем", "measurement_unit": "г"}}, {"model": "app.ingredient", "pk": 242, "fields": {"name": "вишневый ликер", "measurement_unit": "по вкусу"}}, {"model": "app.ingredient", "pk": 243, "fields": {"name": "вишневый сироп", "measurement_unit": "стакан"}}, {"model": "app.ingredient", "pk": 244, "fields": {"name": "вишневый сок", "measurement_unit": "г"}}, {"model": "app.ingredient", "pk": 245, "fields": {"name": "вишня", "measurement_unit": "г"}}, {"model": "app.ingredient", "pk": 246, "fields": {"name": "вишня вяленая", "measurement_unit": "г"}}, {"model": "app.ingredient", "pk": 247, "fields": {"name": "вишня замороженная", "measurement_unit": "г"}}, {"model": "app.ingredient", "pk": 248, "fields": {"name": "вишня засахаренная кондитерская", "measurement_unit": "шт."}}, {"model": "app.ingredient", "pk": 249, "fields": {"name": "вишня коктейльная", "measurement_unit": "г"}}, {"model": "app.ingredient", "pk": 250, "fields": {"name": "вишня мараскино", "measurement_unit": "шт."}}, {"model": "app.ingredient", "pk": 251, "fields": {"name": "вишня, протертая с сахаром", "measurement_unit": "г"}}, {"model": "app.ingredient", "pk": 252, "fields": {"name": "вода", "measurement_unit": "г"}}, {"model": "app.ingredient", "pk": 253, "fields": {"name": "вода минеральная без газа", "measurement_unit": "стакан"}}, {"model": "app.ingredient", "pk": 254, "fields": {"name": "вода минеральная газированная", "measurement_unit": "г"}}, {"model": "app.ingredient", "pk": 255, "fields": {"name": "водка", "measurement_unit": "г"}}, {"model": "app.ingredient", "pk": 256, "fields": {"name": "водка анисовая", "measurement_unit": "ч. л."}}, {"model": "app.ingredient", "pk": 257, "fields": {"name": "водоросли", "measurement_unit": "г"}}, {"model": "app.ingredient", "pk": 258, "fields": {"name": "вустерширский соус", "measurement_unit": "г"}}, {"model": "app.ingredient", "pk": 259, "fields": {"name": "галангал корень", "measurement_unit": "долька"}}, {"model": "app.ingredient", "pk": 260, "fields": {"name": "галеты", "measurement_unit": "г"}}, {"model": "app.ingredient", "pk": 261, "fields": {"name": "гамбургер", "measurement_unit": "г"}}, {"model": "app.ingredient", "pk": 262, "fields": {"name": "ганаш", "measurement_unit": "г"}}, {"model": "app.ingredient", "pk": 263, "fields": {"name": "гарам масала", "measurement_unit": "г"}}, {"model": "app.ingredient", "pk": 264, "fields": {"name": "гарнир", "measurement_unit": "г"}}, {"model": "app.ingredient", "pk": 265, "fields": {"name": "гаспачо", "measurement_unit": "г"}}, {"model": "app.ingredient", "pk": 266, "fields": {"name": "гастропаб", "measurement_unit": ""}}, {"model": "app.ingredient", "pk": 267, "fields": {"name": "гвоздика", "measurement_unit": "г"}}, {"model": "app.ingredient", "pk": 268, "fields": {"name": "гвоздика молотая", "measurement_unit": "по вкусу"}}, {"model": "app.ingredient", "pk": 269, "fields": {"name": "герань листья", "measurement_unit": "г"}}, {"model": "app.ingredient", "pk": 270, "fields": {"name": "геркулес", "measurement_unit": "г"}}, {"model": "app.ingredient", "pk": 271, "fields": {"name": "глазурь", "measurement_unit": "г"}}, {"model": "app.ingredient", "pk": 272, "fields": {"name": "глазурь белая", "measurement_unit": "г"}}, {"model": "app.ingredient", "pk": 273, "fields": {"name": "глазурь готовая", "measurement_unit": "по вкусу"}}, {"model": "app.ingredient", "pk": 274, "fields": {"name": "глазурь черная", "measurement_unit": "по вкусу"}}, {"model": "app.ingredient", "pk": 275, "fields": {"name": "глазурь шоколадная белая", "measurement_unit": "г"}}, {"model": "app.ingredient", "pk": 276, "fields": {"name": "глутамат натрия", "measurement_unit": "г"}}, {"model": "app.ingredient", "pk": 277, "fields": {"name": "глюкоза", "measurement_unit": "г"}}, {"model": "app.ingredient", "pk": 278, "fields": {"name": "глюкоза сироп", "measurement_unit": "г"}}, {"model": "app.ingredient", "pk": 279, "fields": {"name": "говядина", "measurement_unit": "г"}}, {"model": "app.ingredient", "pk": 280, "fields": {"name": "говядина на кости", "measurement_unit": "г"}}, {"model": "app.ingredient", "pk": 281, "fields": {"name": "говяжий фарш", "measurement_unit": "по вкусу"}}, {"model": "app.ingredient", "pk": 282, "fields": {"name": "говяжий язык", "measurement_unit": "г"}}, {"model": "app.ingredient", "pk": 283, "fields": {"name": "говяжье сердце", "measurement_unit": "по вкусу"}}, {"model": "app.ingredient", "pk": 284, "fields": {"name": "говяжьи бифштексы", "measurement_unit": "г"}}, {"model": "app.ingredient", "pk": 285, "fields": {"name": "говяжьи голяшки", "measurement_unit": "г"}}, {"model": "app.ingredient", "pk": 286, "fields": {"name": "говяжьи легкие", "measurement_unit": "г"}}, {"model": "app.ingredient", "pk": 287, "fields": {"name": "говяжьи ребра", "measurement_unit": "г"}}, {"model": "app.ingredient", "pk": 288, "fields": {"name": "говяжьи стейки рибай", "measurement_unit": "г"}}, {"model": "app.ingredient", "pk": 289, "fields": {"name": "говяжья вырезка", "measurement_unit": "шт."}}, {"model": "app.ingredient", "pk": 290, "fields": {"name": "говяжья грудинка", "measurement_unit": "кг"}}, {"model": "app.ingredient", "pk": 291, "fields": {"name": "говяжья лопатка", "measurement_unit": "г"}}, {"model": "app.ingredient", "pk": 292, "fields": {"name": "говяжья мозговая кость", "measurement_unit": "шт."}}, {"model": "app.ingredient", "pk": 293, "fields": {"name": "говяжья мякоть", "measurement_unit": "кг"}}, {"model": "app.ingredient", "pk": 294, "fields": {"name": "говяжья печень", "measurement_unit": "шт."}}, {"model": "app.ingredient", "pk": 295, "fields": {"name": "говяжья черева", "measurement_unit": "г"}}, {"model": "app.ingredient", "pk": 296, "fields": {"name": "говяжья шейка", "measurement_unit": "кг"}}, {"model": "app.ingredient", "pk": 297, "fields": {"name": "годжи", "measurement_unit": "г"}}, {"model": "app.ingredient", "pk": 298, "fields": {"name": "голец филе", "measurement_unit": "шт."}}, {"model": "app.ingredient", "pk": 299, "fields": {"name": "голубика", "measurement_unit": "г"}}, {"model": "app.ingredient", "pk": 300, "fields": {"name": "голубика замороженная", "measurement_unit": "г"}}, {"model": "app.ingredient", "pk": 301, "fields": {"name": "голубь", "measurement_unit": "г"}}, {"model": "app.ingredient", "pk": 302, "fields": {"name": "горбуша", "measurement_unit": "по вкусу"}}, {"model": "app.ingredient", "pk": 303, "fields": {"name": "горбуша в собственном соку", "measurement_unit": "банка"}}, {"model": "app.ingredient", "pk": 304, "fields": {"name": "горбуша филе", "measurement_unit": "г"}}, {"model": "app.ingredient", "pk": 305, "fields": {"name": "горгонзола", "measurement_unit": "г"}}, {"model": "app.ingredient", "pk": 306, "fields": {"name": "горгонзола пиканте", "measurement_unit": "г"}}, {"model": "app.ingredient", "pk": 307, "fields": {"name": "горох", "measurement_unit": "г"}}, {"model": "app.ingredient", "pk": 308, "fields": {"name": "горох колотый", "measurement_unit": "г"}}, {"model": "app.ingredient", "pk": 309, "fields": {"name": "гороховые ростки", "measurement_unit": "горсть"}}, {"model": "app.ingredient", "pk": 310, "fields": {"name": "гороховый суп", "measurement_unit": "г"}}, {"model": "app.ingredient", "pk": 311, "fields": {"name": "горошек зеленый", "measurement_unit": "г"}}, {"model": "app.ingredient", "pk": 312, "fields": {"name": "горошек зеленый замороженный", "measurement_unit": "г"}}, {"model": "app.ingredient", "pk": 313, "fields": {"name": "горошек зеленый консервированный", "measurement_unit": "г"}}, {"model": "app.ingredient", "pk": 314, "fields": {"name": "горошек стручковый свежий", "measurement_unit": "г"}}, {"model": "app.ingredient", "pk": 315, "fields": {"name": "горчица", "measurement_unit": "г"}}, {"model": "app.ingredient", "pk": 316, "fields": {"name": "горчица дижонская", "measurement_unit": "г"}}, {"model": "app.ingredient", "pk": 317, "fields": {"name": "горчица дижонская с медом", "measurement_unit": "г"}}, {"model": "app.ingredient", "pk": 318, "fields": {"name": "горчица желтая семена", "measurement_unit": "г"}}, {"model": "app.ingredient", "pk": 319, "fields": {"name": "горчица острая", "measurement_unit": "г"}}, {"model": "app.ingredient", "pk": 320, "fields": {"name": "горчица русская", "measurement_unit": "ст. л."}}, {"model": "app.ingredient", "pk": 321, "fields": {"name": "горчица семена", "measurement_unit": "г"}}, {"model": "app.ingredient", "pk": 322, "fields": {"name": "горчица с зернами", "measurement_unit": "г"}}, {"model": "app.ingredient", "pk": 323, "fields": {"name": "горчица сухая", "measurement_unit": "г"}}, {"model": "app.ingredient", "pk": 324, "fields": {"name": "горчица французская", "measurement_unit": "г"}}, {"model": "app.ingredient", "pk": 325, "fields": {"name": "горчица цитрусовая", "measurement_unit": "г"}}, {"model": "app.ingredient", "pk": 326, "fields": {"name": "горчичное масло", "measurement_unit": "г"}}, {"model": "app.ingredient", "pk": 327, "fields": {"name": "горчичный порошок", "measurement_unit": "г"}}, {"model": "app.ingredient", "pk": 328, "fields": {"name": "грана падано", "measurement_unit": "ст. л."}}, {"model": "app.ingredient", "pk": 329, "fields": {"name": "гранатные зерна", "measurement_unit": "г"}}, {"model": "app.ingredient", "pk": 330, "fields": {"name": "гранатовая паста", "measurement_unit": "ст. л."}}, {"model": "app.ingredient", "pk": 331, "fields": {"name": "гранатовый сироп", "measurement_unit": "г"}}, {"model": "app.ingredient", "pk": 332, "fields": {"name": "гранатовый сок", "measurement_unit": "г"}}, {"model": "app.ingredient", "pk": 333, "fields": {"name": "гранатовый сок свежевыжатый", "measurement_unit": "мл"}}, {"model": "app.ingredient", "pk": 334, "fields": {"name": "гранатовый соус", "measurement_unit": "ч. л."}}, {"model": "app.ingredient", "pk": 335, "fields": {"name": "гранаты", "measurement_unit": "г"}}, {"model": "app.ingredient", "pk": 336, "fields": {"name": "гранита", "measurement_unit": "г"}}, {"model": "app.ingredient", "pk": 337, "fields": {"name": "гранола с орехами", "measurement_unit": "г"}}, {"model": "app.ingredient", "pk": 338, "fields": {"name": "граппа", "measurement_unit": "ч. л."}}, {"model": "app.ingredient", "pk": 339, "fields": {"name": "гратен", "measurement_unit": "кг"}}, {"model": "app.ingredient", "pk": 340, "fields": {"name": "грейпфрутовая цедра", "measurement_unit": "г"}}, {"model": "app.ingredient", "pk": 341, "fields": {"name": "грейпфрутовый сок", "measurement_unit": "г"}}, {"model": "app.ingredient", "pk": 342, "fields": {"name": "грейпфруты", "measurement_unit": "г"}}, {"model": "app.ingredient", "pk": 343, "fields": {"name": "грейпфруты розовые", "measurement_unit": "г"}}, {"model": "app.ingredient", "pk": 344, "fields": {"name": "гренадин", "measurement_unit": "г"}}, {"model": "app.ingredient", "pk": 345, "fields": {"name": "гренки", "measurement_unit": "г"}}, {"model": "app.ingredient", "pk": 346, "fields": {"name": "грецкие орехи", "measurement_unit": "г"}}, {"model": "app.ingredient", "pk": 347, "fields": {"name": "грецкие орехи рубленые", "measurement_unit": "г"}}, {"model": "app.ingredient", "pk": 348, "fields": {"name": "гречневая крупа", "measurement_unit": "г"}}, {"model": "app.ingredient", "pk": 349, "fields": {"name": "гречневая крупа зеленая", "measurement_unit": "ст. л."}}, {"model": "app.ingredient", "pk": 350, "fields": {"name": "гречневая лапша соба", "measurement_unit": "г"}}, {"model": "app.ingredient", "pk": 351, "fields": {"name": "гречневая мука", "measurement_unit": "г"}}, {"model": "app.ingredient", "pk": 352, "fields": {"name": "гречневое молоко", "measurement_unit": "стакан"}}, {"model": "app.ingredient", "pk": 353, "fields": {"name": "гречневые хлопья", "measurement_unit": "г"}}, {"model": "app.ingredient", "pk": 354, "fields": {"name": "грибы", "measurement_unit": "г"}}, {"model": "app.ingredient", "pk": 355, "fields": {"name": "грибы белые", "measurement_unit": "г"}}, {"model": "app.ingredient", "pk": 356, "fields": {"name": "грибы белые замороженные", "measurement_unit": "г"}}, {"model": "app.ingredient", "pk": 357, "fields": {"name": "грибы белые маринованные", "measurement_unit": "г"}}, {"model": "app.ingredient", "pk": 358, "fields": {"name": "грибы белые сухие", "measurement_unit": "г"}}, {"model": "app.ingredient", "pk": 359, "fields": {"name": "грибы замороженные", "measurement_unit": "г"}}, {"model": "app.ingredient", "pk": 360, "fields": {"name": "грибы замороженные (опята и маслята)", "measurement_unit": "г"}}, {"model": "app.ingredient", "pk": 361, "fields": {"name": "грибы лесные", "measurement_unit": "г"}}, {"model": "app.ingredient", "pk": 362, "fields": {"name": "грибы маринованные", "measurement_unit": "г"}}, {"model": "app.ingredient", "pk": 363, "fields": {"name": "грибы свежие", "measurement_unit": "г"}}, {"model": "app.ingredient", "pk": 364, "fields": {"name": "грибы соленые", "measurement_unit": "г"}}, {"model": "app.ingredient", "pk": 365, "fields": {"name": "грибы соломенные консервированные", "measurement_unit": "шт."}}, {"model": "app.ingredient", "pk": 366, "fields": {"name": "грибы сухие", "measurement_unit": "г"}}, {"model": "app.ingredient", "pk": 367, "fields": {"name": "грибы шиитаке", "measurement_unit": "г"}}, {"model": "app.ingredient", "pk": 368, "fields": {"name": "грибы шиитаке сухие", "measurement_unit": "г"}}, {"model": "app.ingredient", "pk": 369, "fields": {"name": "гриль", "measurement_unit": "г"}}, {"model": "app.ingredient", "pk": 370, "fields": {"name": "гриссини", "measurement_unit": "г"}}, {"model": "app.ingredient", "pk": 371, "fields": {"name": "грудинка", "measurement_unit": "г"}}, {"model": "app.ingredient", "pk": 372, "fields": {"name": "грудинка варено-копченая", "measurement_unit": "г"}}, {"model": "app.ingredient", "pk": 373, "fields": {"name": "грудинка копченая", "measurement_unit": "по вкусу"}}, {"model": "app.ingredient", "pk": 374, "fields": {"name": "грушевое пюре", "measurement_unit": "г"}}, {"model": "app.ingredient", "pk": 375, "fields": {"name": "грушевый ликер", "measurement_unit": "мл"}}, {"model": "app.ingredient", "pk": 376, "fields": {"name": "грушевый сироп", "measurement_unit": "мл"}}, {"model": "app.ingredient", "pk": 377, "fields": {"name": "грушевый сок", "measurement_unit": "г"}}, {"model": "app.ingredient", "pk": 378, "fields": {"name": "грушевый уксус", "measurement_unit": "ст. л."}}, {"model": "app.ingredient", "pk": 379, "fields": {"name": "груши", "measurement_unit": "по вкусу"}}, {"model": "app.ingredient", "pk": 380, "fields": {"name": "груши вяленые", "measurement_unit": "г"}}, {"model": "app.ingredient", "pk": 381, "fields": {"name": "грюйер", "measurement_unit": "г"}}, {"model": "app.ingredient", "pk": 382, "fields": {"name": "гуава", "measurement_unit": "шт."}}, {"model": "app.ingredient", "pk": 383, "fields": {"name": "гуанчиале", "measurement_unit": "г"}}, {"model": "app.ingredient", "pk": 384, "fields": {"name": "гурьевская каша", "measurement_unit": "г"}}, {"model": "app.ingredient", "pk": 385, "fields": {"name": "гусиная грудка копченая", "measurement_unit": "г"}}, {"model": "app.ingredient", "pk": 386, "fields": {"name": "гусиная печень", "measurement_unit": "г"}}, {"model": "app.ingredient", "pk": 387, "fields": {"name": "гусиный жир", "measurement_unit": "ст. л."}}, {"model": "app.ingredient", "pk": 388, "fields": {"name": "гусь", "measurement_unit": "г"}}, {"model": "app.ingredient", "pk": 389, "fields": {"name": "гусь тушка", "measurement_unit": "кг"}}, {"model": "app.ingredient", "pk": 390, "fields": {"name": "дайкон", "measurement_unit": "г"}}, {"model": "app.ingredient", "pk": 391, "fields": {"name": "детское питание", "measurement_unit": "г"}}, {"model": "app.ingredient", "pk": 392, "fields": {"name": "джем", "measurement_unit": "г"}}, {"model": "app.ingredient", "pk": 393, "fields": {"name": "джин", "measurement_unit": "г"}}, {"model": "app.ingredient", "pk": 394, "fields": {"name": "джусай", "measurement_unit": "г"}}, {"model": "app.ingredient", "pk": 395, "fields": {"name": "диоксид титана", "measurement_unit": "г"}}, {"model": "app.ingredient", "pk": 396, "fields": {"name": "долма", "measurement_unit": "г"}}, {"model": "app.ingredient", "pk": 397, "fields": {"name": "дорада", "measurement_unit": "шт."}}, {"model": "app.ingredient", "pk": 398, "fields": {"name": "дорада потрошеная с головой", "measurement_unit": "шт."}}, {"model": "app.ingredient", "pk": 399, "fields": {"name": "дорада с головой", "measurement_unit": "шт."}}, {"model": "app.ingredient", "pk": 400, "fields": {"name": "дорада тушка", "measurement_unit": "шт."}}, {"model": "app.ingredient", "pk": 401, "fields": {"name": "драже", "measurement_unit": "г"}}, {"model": "app.ingredient", "pk": 402, "fields": {"name": "дрожжи домашние", "measurement_unit": "г"}}, {"model": "app.ingredient", "pk": 403, "fields": {"name": "дрожжи свежие", "measurement_unit": "г"}}, {"model": "app.ingredient", "pk": 404, "fields": {"name": "дрожжи сухие", "measurement_unit": "по вкусу"}}, {"model": "app.ingredient", "pk": 405, "fields": {"name": "дубовая кора", "measurement_unit": "г"}}, {"model": "app.ingredient", "pk": 406, "fields": {"name": "душица", "measurement_unit": "г"}}, {"model": "app.ingredient", "pk": 407, "fields": {"name": "дыня", "measurement_unit": "г"}}, {"model": "app.ingredient", "pk": 408, "fields": {"name": "ежевика", "measurement_unit": "г"}}, {"model": "app.ingredient", "pk": 409, "fields": {"name": "ежевика замороженная", "measurement_unit": "г"}}, {"model": "app.ingredient", "pk": 410, "fields": {"name": "ерш", "measurement_unit": "г"}}, {"model": "app.ingredient", "pk": 411, "fields": {"name": "ёрш-носарь", "measurement_unit": "шт."}}, {"model": "app.ingredient", "pk": 412, "fields": {"name": "желатин", "measurement_unit": "г"}}, {"model": "app.ingredient", "pk": 413, "fields": {"name": "желатин листовой", "measurement_unit": "по вкусу"}}, {"model": "app.ingredient", "pk": 414, "fields": {"name": "желе", "measurement_unit": "г"}}, {"model": "app.ingredient", "pk": 415, "fields": {"name": "желе для торта", "measurement_unit": "упаковка"}}, {"model": "app.ingredient", "pk": 416, "fields": {"name": "желирующее вещество", "measurement_unit": "упаковка"}}, {"model": "app.ingredient", "pk": 417, "fields": {"name": "желирующий сахар", "measurement_unit": "г"}}, {"model": "app.ingredient", "pk": 418, "fields": {"name": "женьшень", "measurement_unit": "г"}}, {"model": "app.ingredient", "pk": 419, "fields": {"name": "жидкий дым", "measurement_unit": "г"}}, {"model": "app.ingredient", "pk": 420, "fields": {"name": "жимолость", "measurement_unit": "г"}}, {"model": "app.ingredient", "pk": 421, "fields": {"name": "жир", "measurement_unit": "г"}}, {"model": "app.ingredient", "pk": 422, "fields": {"name": "жир вытопленный", "measurement_unit": "стакан"}}, {"model": "app.ingredient", "pk": 423, "fields": {"name": "жир кулинарный", "measurement_unit": "г"}}, {"model": "app.ingredient", "pk": 424, "fields": {"name": "жир растительный", "measurement_unit": "г"}}, {"model": "app.ingredient", "pk": 425, "fields": {"name": "заатар", "measurement_unit": "щепотка"}}, {"model": "app.ingredient", "pk": 426, "fields": {"name": "завтрак сухой", "measurement_unit": "г"}}, {"model": "app.ingredient", "pk": 427, "fields": {"name": "завтрак сухой подушечки", "measurement_unit": "г"}}, {"model": "app.ingredient", "pk": 428, "fields": {"name": "загуститель для сливок", "measurement_unit": "г"}}, {"model": "app.ingredient", "pk": 429, "fields": {"name": "зайчатина", "measurement_unit": "г"}}, {"model": "app.ingredient", "pk": 430, "fields": {"name": "закваска", "measurement_unit": "пакет"}}, {"model": "app.ingredient", "pk": 431, "fields": {"name": "закваска вечная", "measurement_unit": "г"}}, {"model": "app.ingredient", "pk": 432, "fields": {"name": "заменитель сахара", "measurement_unit": "по вкусу"}}, {"model": "app.ingredient", "pk": 433, "fields": {"name": "заменитель сахара стевия", "measurement_unit": "г"}}, {"model": "app.ingredient", "pk": 434, "fields": {"name": "заправка для салатов готовая", "measurement_unit": "г"}}, {"model": "app.ingredient", "pk": 435, "fields": {"name": "зверобой", "measurement_unit": "по вкусу"}}, {"model": "app.ingredient", "pk": 436, "fields": {"name": "зелень", "measurement_unit": "г"}}, {"model": "app.ingredient", "pk": 437, "fields": {"name": "зелень рубленая", "measurement_unit": "г"}}, {"model": "app.ingredient", "pk": 438, "fields": {"name": "земляника", "measurement_unit": "по вкусу"}}, {"model": "app.ingredient", "pk": 439, "fields": {"name": "земляника замороженная", "measurement_unit": "г"}}, {"model": "app.ingredient", "pk": 440, "fields": {"name": "зефир", "measurement_unit": "г"}}, {"model": "app.ingredient", "pk": 441, "fields": {"name": "зира", "measurement_unit": "г"}}, {"model": "app.ingredient", "pk": 442, "fields": {"name": "злаковые хлопья", "measurement_unit": "г"}}, {"model": "app.ingredient", "pk": 443, "fields": {"name": "зубатка", "measurement_unit": "г"}}, {"model": "app.ingredient", "pk": 444, "fields": {"name": "зубатка филе", "measurement_unit": "г"}}, {"model": "app.ingredient", "pk": 445, "fields": {"name": "изолят соевого протеина", "measurement_unit": "г"}}, {"model": "app.ingredient", "pk": 446, "fields": {"name": "изюм", "measurement_unit": "г"}}, {"model": "app.ingredient", "pk": 447, "fields": {"name": "изюм без косточек", "measurement_unit": "г"}}, {"model": "app.ingredient", "pk": 448, "fields": {"name": "изюм белый", "measurement_unit": "г"}}, {"model": "app.ingredient", "pk": 449, "fields": {"name": "изюм черный", "measurement_unit": "г"}}, {"model": "app.ingredient", "pk": 450, "fields": {"name": "икра", "measurement_unit": "г"}}, {"model": "app.ingredient", "pk": 451, "fields": {"name": "икра вяленой рыбы", "measurement_unit": "г"}}, {"model": "app.ingredient", "pk": 452, "fields": {"name": "икра горбуши зернистая", "measurement_unit": "г"}}, {"model": "app.ingredient", "pk": 453, "fields": {"name": "икра красная", "measurement_unit": "г"}}, {"model": "app.ingredient", "pk": 454, "fields": {"name": "икра красной рыбы мелкая", "measurement_unit": "г"}}, {"model": "app.ingredient", "pk": 455, "fields": {"name": "икра летучей рыбы", "measurement_unit": "г"}}, {"model": "app.ingredient", "pk": 456, "fields": {"name": "икра лосося", "measurement_unit": "г"}}, {"model": "app.ingredient", "pk": 457, "fields": {"name": "икра мойвы", "measurement_unit": "г"}}, {"model": "app.ingredient", "pk": 458, "fields": {"name": "икра палтуса", "measurement_unit": "г"}}, {"model": "app.ingredient", "pk": 459, "fields": {"name": "икра судака", "measurement_unit": "г"}}, {"model": "app.ingredient", "pk": 460, "fields": {"name": "икра черная", "measurement_unit": "г"}}, {"model": "app.ingredient", "pk": 461, "fields": {"name": "имбирное варенье", "measurement_unit": "г"}}, {"model": "app.ingredient", "pk": 462, "fields": {"name": "имбирное печенье", "measurement_unit": "по вкусу"}}, {"model": "app.ingredient", "pk": 463, "fields": {"name": "имбирные цукаты", "measurement_unit": "ст. л."}}, {"model": "app.ingredient", "pk": 464, "fields": {"name": "имбирь", "measurement_unit": "г"}}, {"model": "app.ingredient", "pk": 465, "fields": {"name": "имбирь засахаренный", "measurement_unit": "г"}}, {"model": "app.ingredient", "pk": 466, "fields": {"name": "имбирь корень", "measurement_unit": "г"}}, {"model": "app.ingredient", "pk": 467, "fields": {"name": "имбирь маринованный", "measurement_unit": "г"}}, {"model": "app.ingredient", "pk": 468, "fields": {"name": "имбирь молотый", "measurement_unit": "г"}}, {"model": "app.ingredient", "pk": 469, "fields": {"name": "индейка", "measurement_unit": "г"}}, {"model": "app.ingredient", "pk": 470, "fields": {"name": "индейка голень", "measurement_unit": "г"}}, {"model": "app.ingredient", "pk": 471, "fields": {"name": "индейка грудка", "measurement_unit": "г"}}, {"model": "app.ingredient", "pk": 472, "fields": {"name": "индейка копченая", "measurement_unit": "г"}}, {"model": "app.ingredient", "pk": 473, "fields": {"name": "индейка тушка", "measurement_unit": "шт."}}, {"model": "app.ingredient", "pk": 474, "fields": {"name": "индейка фарш", "measurement_unit": "г"}}, {"model": "app.ingredient", "pk": 475, "fields": {"name": "индейка филе", "measurement_unit": "г"}}, {"model": "app.ingredient", "pk": 476, "fields": {"name": "индоутка", "measurement_unit": "шт."}}, {"model": "app.ingredient", "pk": 477, "fields": {"name": "индюшачья печень", "measurement_unit": "г"}}, {"model": "app.ingredient", "pk": 478, "fields": {"name": "инжир", "measurement_unit": "г"}}, {"model": "app.ingredient", "pk": 479, "fields": {"name": "инжир свежий", "measurement_unit": "г"}}, {"model": "app.ingredient", "pk": 480, "fields": {"name": "инжир сушеный", "measurement_unit": "г"}}, {"model": "app.ingredient", "pk": 481, "fields": {"name": "ирга", "measurement_unit": "г"}}, {"model": "app.ingredient", "pk": 482, "fields": {"name": "ириски", "measurement_unit": "г"}}, {"model": "app.ingredient", "pk": 483, "fields": {"name": "итальянские травы", "measurement_unit": "г"}}, {"model": "app.ingredient", "pk": 484, "fields": {"name": "йогурт", "measurement_unit": "г"}}, {"model": "app.ingredient", "pk": 485, "fields": {"name": "йогурт греческий", "measurement_unit": "г"}}, {"model": "app.ingredient", "pk": 486, "fields": {"name": "йогурт жирный", "measurement_unit": "г"}}, {"model": "app.ingredient", "pk": 487, "fields": {"name": "йогурт козий", "measurement_unit": "г"}}, {"model": "app.ingredient", "pk": 488, "fields": {"name": "йогурт натуральный", "measurement_unit": "г"}}, {"model": "app.ingredient", "pk": 489, "fields": {"name": "йогурт нежирный", "measurement_unit": "г"}}, {"model": "app.ingredient", "pk": 490, "fields": {"name": "йогурт обезжиренный", "measurement_unit": "г"}}, {"model": "app.ingredient", "pk": 491, "fields": {"name": "йогурт фруктовый", "measurement_unit": "г"}}, {"model": "app.ingredient", "pk": 492, "fields": {"name": "кабачки", "measurement_unit": "г"}}, {"model": "app.ingredient", "pk": 493, "fields": {"name": "кабачки замороженные", "measurement_unit": "г"}}, {"model": "app.ingredient", "pk": 494, "fields": {"name": "кабачки молодые", "measurement_unit": "г"}}, {"model": "app.ingredient", "pk": 495, "fields": {"name": "каджунская смесь специй", "measurement_unit": "ст. л."}}, {"model": "app.ingredient", "pk": 496, "fields": {"name": "какао", "measurement_unit": "горсть"}}, {"model": "app.ingredient", "pk": 497, "fields": {"name": "какао-бобы", "measurement_unit": "г"}}, {"model": "app.ingredient", "pk": 498, "fields": {"name": "какао-масло", "measurement_unit": "г"}}, {"model": "app.ingredient", "pk": 499, "fields": {"name": "какао-порошок", "measurement_unit": "по вкусу"}}, {"model": "app.ingredient", "pk": 500, "fields": {"name": "какао-порошок обезжиренный", "measurement_unit": "г"}}, {"model": "app.ingredient", "pk": 501, "fields": {"name": "какао сгущенное", "measurement_unit": "банка"}}, {"model": "app.ingredient", "pk": 502, "fields": {"name": "калина", "measurement_unit": "по вкусу"}}, {"model": "app.ingredient", "pk": 503, "fields": {"name": "калина протертая", "measurement_unit": "г"}}, {"model": "app.ingredient", "pk": 504, "fields": {"name": "калинджи семена", "measurement_unit": "ч. л."}}, {"model": "app.ingredient", "pk": 505, "fields": {"name": "кальвадос", "measurement_unit": "г"}}, {"model": "app.ingredient", "pk": 506, "fields": {"name": "кальмары", "measurement_unit": "г"}}, {"model": "app.ingredient", "pk": 507, "fields": {"name": "кальмары вареные", "measurement_unit": "г"}}, {"model": "app.ingredient", "pk": 508, "fields": {"name": "кальмары замороженные", "measurement_unit": "г"}}, {"model": "app.ingredient", "pk": 509, "fields": {"name": "кальмары консервированные", "measurement_unit": "г"}}, {"model": "app.ingredient", "pk": 510, "fields": {"name": "кальмары филе", "measurement_unit": "шт."}}, {"model": "app.ingredient", "pk": 511, "fields": {"name": "камамбер", "measurement_unit": "упаковка"}}, {"model": "app.ingredient", "pk": 512, "fields": {"name": "камбала", "measurement_unit": "г"}}, {"model": "app.ingredient", "pk": 513, "fields": {"name": "камбала филе", "measurement_unit": "г"}}, {"model": "app.ingredient", "pk": 514, "fields": {"name": "кампари", "measurement_unit": "мл"}}, {"model": "app.ingredient", "pk": 515, "fields": {"name": "кандурин золотой", "measurement_unit": "ч. л."}}, {"model": "app.ingredient", "pk": 516, "fields": {"name": "каннеллони", "measurement_unit": "г"}}, {"model": "app.ingredient", "pk": 517, "fields": {"name": "капеллини", "measurement_unit": "г"}}, {"model": "app.ingredient", "pk": 518, "fields": {"name": "каперсы", "measurement_unit": "г"}}, {"model": "app.ingredient", "pk": 519, "fields": {"name": "каперсы в винном уксусе", "measurement_unit": "г"}}, {"model": "app.ingredient", "pk": 520, "fields": {"name": "каперсы маринованные", "measurement_unit": "г"}}, {"model": "app.ingredient", "pk": 521, "fields": {"name": "капуста белокочанная", "measurement_unit": "г"}}, {"model": "app.ingredient", "pk": 522, "fields": {"name": "капуста брюссельская", "measurement_unit": "г"}}, {"model": "app.ingredient", "pk": 523, "fields": {"name": "капуста брюссельская замороженная", "measurement_unit": "г"}}, {"model": "app.ingredient", "pk": 524, "fields": {"name": "капуста кале", "measurement_unit": "г"}}, {"model": "app.ingredient", "pk": 525, "fields": {"name": "капуста квашеная", "measurement_unit": "по вкусу"}}, {"model": "app.ingredient", "pk": 526, "fields": {"name": "капуста кольраби", "measurement_unit": "г"}}, {"model": "app.ingredient", "pk": 527, "fields": {"name": "капуста краснокочанная", "measurement_unit": "г"}}, {"model": "app.ingredient", "pk": 528, "fields": {"name": "капуста морская", "measurement_unit": "по вкусу"}}, {"model": "app.ingredient", "pk": 529, "fields": {"name": "капуста морская замороженная", "measurement_unit": "г"}}, {"model": "app.ingredient", "pk": 530, "fields": {"name": "капуста морская сушеная", "measurement_unit": "г"}}, {"model": "app.ingredient", "pk": 531, "fields": {"name": "капуста пекинская", "measurement_unit": "г"}}, {"model": "app.ingredient", "pk": 532, "fields": {"name": "капуста савойская", "measurement_unit": "г"}}, {"model": "app.ingredient", "pk": 533, "fields": {"name": "капуста цветная", "measurement_unit": "г"}}, {"model": "app.ingredient", "pk": 534, "fields": {"name": "капуста цветная замороженная", "measurement_unit": "г"}}, {"model": "app.ingredient", "pk": 535, "fields": {"name": "капустный рассол", "measurement_unit": "г"}}, {"model": "app.ingredient", "pk": 536, "fields": {"name": "капучино", "measurement_unit": "г"}}, {"model": "app.ingredient", "pk": 537, "fields": {"name": "каракатица", "measurement_unit": "г"}}, {"model": "app.ingredient", "pk": 538, "fields": {"name": "каракатица очищенная", "measurement_unit": "г"}}, {"model": "app.ingredient", "pk": 539, "fields": {"name": "карамбола", "measurement_unit": "г"}}, {"model": "app.ingredient", "pk": 540, "fields": {"name": "карамель", "measurement_unit": "мл"}}, {"model": "app.ingredient", "pk": 541, "fields": {"name": "карамельный соус", "measurement_unit": "г"}}, {"model": "app.ingredient", "pk": 542, "fields": {"name": "карамель с начинкой", "measurement_unit": "г"}}, {"model": "app.ingredient", "pk": 543, "fields": {"name": "карамель соленая", "measurement_unit": "г"}}, {"model": "app.ingredient", "pk": 544, "fields": {"name": "карась", "measurement_unit": "г"}}, {"model": "app.ingredient", "pk": 545, "fields": {"name": "карбонад", "measurement_unit": "г"}}, {"model": "app.ingredient", "pk": 546, "fields": {"name": "кардамон", "measurement_unit": "г"}}, {"model": "app.ingredient", "pk": 547, "fields": {"name": "кардамон зерна", "measurement_unit": "ч. л."}}, {"model": "app.ingredient", "pk": 548, "fields": {"name": "кардамон молотый", "measurement_unit": "г"}}, {"model": "app.ingredient", "pk": 549, "fields": {"name": "кардамон стручки", "measurement_unit": "шт."}}, {"model": "app.ingredient", "pk": 550, "fields": {"name": "каркаде", "measurement_unit": "г"}}, {"model": "app.ingredient", "pk": 551, "fields": {"name": "карп", "measurement_unit": "г"}}, {"model": "app.ingredient", "pk": 552, "fields": {"name": "карп зеркальный", "measurement_unit": "кг"}}, {"model": "app.ingredient", "pk": 553, "fields": {"name": "карп филе", "measurement_unit": "кг"}}, {"model": "app.ingredient", "pk": 554, "fields": {"name": "карри", "measurement_unit": "г"}}, {"model": "app.ingredient", "pk": 555, "fields": {"name": "карри листья", "measurement_unit": "г"}}, {"model": "app.ingredient", "pk": 556, "fields": {"name": "карри паста", "measurement_unit": "пакет"}}, {"model": "app.ingredient", "pk": 557, "fields": {"name": "картофель", "measurement_unit": "г"}}, {"model": "app.ingredient", "pk": 558, "fields": {"name": "картофель вареный", "measurement_unit": "г"}}, {"model": "app.ingredient", "pk": 559, "fields": {"name": "картофель вареный в мундире", "measurement_unit": "г"}}, {"model": "app.ingredient", "pk": 560, "fields": {"name": "картофель молодой", "measurement_unit": "г"}}, {"model": "app.ingredient", "pk": 561, "fields": {"name": "картофельное пюре", "measurement_unit": "по вкусу"}}, {"model": "app.ingredient", "pk": 562, "fields": {"name": "картофельные ньокки", "measurement_unit": "г"}}, {"model": "app.ingredient", "pk": 563, "fields": {"name": "картофельные хлопья", "measurement_unit": "г"}}, {"model": "app.ingredient", "pk": 564, "fields": {"name": "картофельные чипсы", "measurement_unit": "г"}}, {"model": "app.ingredient", "pk": 565, "fields": {"name": "картофельный крахмал", "measurement_unit": "г"}}, {"model": "app.ingredient", "pk": 566, "fields": {"name": "картофельный отвар", "measurement_unit": "г"}}, {"model": "app.ingredient", "pk": 567, "fields": {"name": "картофельный хэш замороженный", "measurement_unit": "г"}}, {"model": "app.ingredient", "pk": 568, "fields": {"name": "картофель печеный", "measurement_unit": "г"}}, {"model": "app.ingredient", "pk": 569, "fields": {"name": "катык", "measurement_unit": "г"}}, {"model": "app.ingredient", "pk": 570, "fields": {"name": "каффир-лайм листья", "measurement_unit": "по вкусу"}}, {"model": "app.ingredient", "pk": 571, "fields": {"name": "каша", "measurement_unit": "г"}}, {"model": "app.ingredient", "pk": 572, "fields": {"name": "каша для детского питания", "measurement_unit": "г"}}, {"model": "app.ingredient", "pk": 573, "fields": {"name": "каштановая мука", "measurement_unit": "г"}}, {"model": "app.ingredient", "pk": 574, "fields": {"name": "каштановый крем", "measurement_unit": "г"}}, {"model": "app.ingredient", "pk": 575, "fields": {"name": "каштаны", "measurement_unit": "г"}}, {"model": "app.ingredient", "pk": 576, "fields": {"name": "каштаны вареные", "measurement_unit": "г"}}, {"model": "app.ingredient", "pk": 577, "fields": {"name": "каштаны консервированные", "measurement_unit": "г"}}, {"model": "app.ingredient", "pk": 578, "fields": {"name": "каштаны очищенные", "measurement_unit": "г"}}, {"model": "app.ingredient", "pk": 579, "fields": {"name": "квас", "measurement_unit": "г"}}, {"model": "app.ingredient", "pk": 580, "fields": {"name": "квасное сусло", "measurement_unit": "г"}}, {"model": "app.ingredient", "pk": 581, "fields": {"name": "квасной концентрат сухой", "measurement_unit": "упаковка"}}, {"model": "app.ingredient", "pk": 582, "fields": {"name": "квас хлебный", "measurement_unit": "г"}}, {"model": "app.ingredient", "pk": 583, "fields": {"name": "кедровая мука", "measurement_unit": "г"}}, {"model": "app.ingredient", "pk": 584, "fields": {"name": "кедровые орехи", "measurement_unit": "г"}}, {"model": "app.ingredient", "pk": 585, "fields": {"name": "кедровые орехи жареные", "measurement_unit": "г"}}, {"model": "app.ingredient", "pk": 586, "fields": {"name": "кета", "measurement_unit": "г"}}, {"model": "app.ingredient", "pk": 587, "fields": {"name": "кетчуп острый", "measurement_unit": "по вкусу"}}, {"model": "app.ingredient", "pk": 588, "fields": {"name": "кетчуп томатный", "measurement_unit": "г"}}, {"model": "app.ingredient", "pk": 589, "fields": {"name": "кетчуп тосканский", "measurement_unit": "ст. л."}}, {"model": "app.ingredient", "pk": 590, "fields": {"name": "кетчуп шашлычный", "measurement_unit": "г"}}, {"model": "app.ingredient", "pk": 591, "fields": {"name": "кефаль", "measurement_unit": "г"}}, {"model": "app.ingredient", "pk": 592, "fields": {"name": "кефир", "measurement_unit": "по вкусу"}}, {"model": "app.ingredient", "pk": 593, "fields": {"name": "кефир 1%", "measurement_unit": "г"}}, {"model": "app.ingredient", "pk": 594, "fields": {"name": "кефир 2,5%", "measurement_unit": "г"}}, {"model": "app.ingredient", "pk": 595, "fields": {"name": "кефир 3,2%", "measurement_unit": "г"}}, {"model": "app.ingredient", "pk": 596, "fields": {"name": "кефир обезжиренный", "measurement_unit": "г"}}, {"model": "app.ingredient", "pk": 597, "fields": {"name": "кешью", "measurement_unit": "г"}}, {"model": "app.ingredient", "pk": 598, "fields": {"name": "кивано", "measurement_unit": "г"}}, {"model": "app.ingredient", "pk": 599, "fields": {"name": "киви", "measurement_unit": "кг"}}, {"model": "app.ingredient", "pk": 600, "fields": {"name": "киви желе", "measurement_unit": "г"}}, {"model": "app.ingredient", "pk": 601, "fields": {"name": "кижуч", "measurement_unit": "г"}}, {"model": "app.ingredient", "pk": 602, "fields": {"name": "кижуч горячего копчения филе", "measurement_unit": "г"}}, {"model": "app.ingredient", "pk": 603, "fields": {"name": "кизил", "measurement_unit": "г"}}, {"model": "app.ingredient", "pk": 604, "fields": {"name": "килька", "measurement_unit": "г"}}, {"model": "app.ingredient", "pk": 605, "fields": {"name": "кимчи", "measurement_unit": "г"}}, {"model": "app.ingredient", "pk": 606, "fields": {"name": "кинза свежая", "measurement_unit": "зубчик"}}, {"model": "app.ingredient", "pk": 607, "fields": {"name": "кинза сушеная", "measurement_unit": "г"}}, {"model": "app.ingredient", "pk": 608, "fields": {"name": "киноа", "measurement_unit": "г"}}, {"model": "app.ingredient", "pk": 609, "fields": {"name": "киноа молотая", "measurement_unit": "г"}}, {"model": "app.ingredient", "pk": 610, "fields": {"name": "кипяток", "measurement_unit": "г"}}, {"model": "app.ingredient", "pk": 611, "fields": {"name": "кирш", "measurement_unit": "ст. л."}}, {"model": "app.ingredient", "pk": 612, "fields": {"name": "кисель", "measurement_unit": "г"}}, {"model": "app.ingredient", "pk": 613, "fields": {"name": "кисель сухой", "measurement_unit": "г"}}, {"model": "app.ingredient", "pk": 614, "fields": {"name": "кисломолочный напиток Тан", "measurement_unit": "мл"}}, {"model": "app.ingredient", "pk": 615, "fields": {"name": "кишки", "measurement_unit": "г"}}, {"model": "app.ingredient", "pk": 616, "fields": {"name": "клейковина", "measurement_unit": "г"}}, {"model": "app.ingredient", "pk": 617, "fields": {"name": "клементины", "measurement_unit": "г"}}, {"model": "app.ingredient", "pk": 618, "fields": {"name": "кленовый сироп", "measurement_unit": "г"}}, {"model": "app.ingredient", "pk": 619, "fields": {"name": "клубника", "measurement_unit": "г"}}, {"model": "app.ingredient", "pk": 620, "fields": {"name": "клубника в сиропе", "measurement_unit": "г"}}, {"model": "app.ingredient", "pk": 621, "fields": {"name": "клубника замороженная", "measurement_unit": "г"}}, {"model": "app.ingredient", "pk": 622, "fields": {"name": "клубника, протертая с сахаром", "measurement_unit": "г"}}, {"model": "app.ingredient", "pk": 623, "fields": {"name": "клубника сушеная", "measurement_unit": "г"}}, {"model": "app.ingredient", "pk": 624, "fields": {"name": "клубничное варенье", "measurement_unit": "г"}}, {"model": "app.ingredient", "pk": 625, "fields": {"name": "клубничное желе", "measurement_unit": "упаковка"}}, {"model": "app.ingredient", "pk": 626, "fields": {"name": "клубничное пюре", "measurement_unit": "г"}}, {"model": "app.ingredient", "pk": 627, "fields": {"name": "клубничный джем", "measurement_unit": "г"}}, {"model": "app.ingredient", "pk": 628, "fields": {"name": "клубничный джем густой", "measurement_unit": "мл"}}, {"model": "app.ingredient", "pk": 629, "fields": {"name": "клубничный компот", "measurement_unit": "стакан"}}, {"model": "app.ingredient", "pk": 630, "fields": {"name": "клубничный ликер", "measurement_unit": "г"}}, {"model": "app.ingredient", "pk": 631, "fields": {"name": "клубничный сироп", "measurement_unit": "г"}}, {"model": "app.ingredient", "pk": 632, "fields": {"name": "клюква", "measurement_unit": "г"}}, {"model": "app.ingredient", "pk": 633, "fields": {"name": "клюква вяленая", "measurement_unit": "г"}}, {"model": "app.ingredient", "pk": 634, "fields": {"name": "клюква замороженная", "measurement_unit": "г"}}, {"model": "app.ingredient", "pk": 635, "fields": {"name": "клюква, протертая с сахаром", "measurement_unit": "г"}}, {"model": "app.ingredient", "pk": 636, "fields": {"name": "клюквенное варенье", "measurement_unit": "г"}}, {"model": "app.ingredient", "pk": 637, "fields": {"name": "клюквенный джем", "measurement_unit": "г"}}, {"model": "app.ingredient", "pk": 638, "fields": {"name": "клюквенный морс", "measurement_unit": "ст. л."}}, {"model": "app.ingredient", "pk": 639, "fields": {"name": "клюквенный сироп", "measurement_unit": "г"}}, {"model": "app.ingredient", "pk": 640, "fields": {"name": "клюквенный соус", "measurement_unit": "г"}}, {"model": "app.ingredient", "pk": 641, "fields": {"name": "козлиная печень", "measurement_unit": "г"}}, {"model": "app.ingredient", "pk": 642, "fields": {"name": "козлятина молодая", "measurement_unit": "кг"}}, {"model": "app.ingredient", "pk": 643, "fields": {"name": "кока-кола", "measurement_unit": "ст. л."}}, {"model": "app.ingredient", "pk": 644, "fields": {"name": "кокосовая вода", "measurement_unit": "стакан"}}, {"model": "app.ingredient", "pk": 645, "fields": {"name": "кокосовая мука", "measurement_unit": "ст. л."}}, {"model": "app.ingredient", "pk": 646, "fields": {"name": "кокосовая стружка", "measurement_unit": "г"}}, {"model": "app.ingredient", "pk": 647, "fields": {"name": "кокосовая стружка цветная", "measurement_unit": "г"}}, {"model": "app.ingredient", "pk": 648, "fields": {"name": "кокосовое масло", "measurement_unit": "мл"}}, {"model": "app.ingredient", "pk": 649, "fields": {"name": "кокосовое молоко", "measurement_unit": "г"}}, {"model": "app.ingredient", "pk": 650, "fields": {"name": "кокосовые сливки", "measurement_unit": "г"}}, {"model": "app.ingredient", "pk": 651, "fields": {"name": "кокосовый ликер", "measurement_unit": "ст. л."}}, {"model": "app.ingredient", "pk": 652, "fields": {"name": "кокосовый экстракт", "measurement_unit": "г"}}, {"model": "app.ingredient", "pk": 653, "fields": {"name": "кокосы", "measurement_unit": "г"}}, {"model": "app.ingredient", "pk": 654, "fields": {"name": "кола", "measurement_unit": "г"}}, {"model": "app.ingredient", "pk": 655, "fields": {"name": "колбаса", "measurement_unit": "г"}}, {"model": "app.ingredient", "pk": 656, "fields": {"name": "колбаса вареная", "measurement_unit": "г"}}, {"model": "app.ingredient", "pk": 657, "fields": {"name": "колбаса варено-копченая", "measurement_unit": "г"}}, {"model": "app.ingredient", "pk": 658, "fields": {"name": "колбаса копченая", "measurement_unit": "г"}}, {"model": "app.ingredient", "pk": 659, "fields": {"name": "колбаса кровяная", "measurement_unit": "г"}}, {"model": "app.ingredient", "pk": 660, "fields": {"name": "колбаса полукопченая", "measurement_unit": "г"}}, {"model": "app.ingredient", "pk": 661, "fields": {"name": "колбаса сырокопченая", "measurement_unit": "г"}}, {"model": "app.ingredient", "pk": 662, "fields": {"name": "колбаска свиная свежая (salsiccia)", "measurement_unit": "шт."}}, {"model": "app.ingredient", "pk": 663, "fields": {"name": "колбаски", "measurement_unit": "г"}}, {"model": "app.ingredient", "pk": 664, "fields": {"name": "колбаски для жарки", "measurement_unit": "г"}}, {"model": "app.ingredient", "pk": 665, "fields": {"name": "колбаски домашние", "measurement_unit": "шт."}}, {"model": "app.ingredient", "pk": 666, "fields": {"name": "колбаски охотничьи", "measurement_unit": "г"}}, {"model": "app.ingredient", "pk": 667, "fields": {"name": "колбаски сырокопченые", "measurement_unit": "шт."}}, {"model": "app.ingredient", "pk": 668, "fields": {"name": "компот", "measurement_unit": "г"}}, {"model": "app.ingredient", "pk": 669, "fields": {"name": "конопляное масло", "measurement_unit": "ст. л."}}, {"model": "app.ingredient", "pk": 670, "fields": {"name": "конопля семена", "measurement_unit": "г"}}, {"model": "app.ingredient", "pk": 671, "fields": {"name": "конфеты", "measurement_unit": "по вкусу"}}, {"model": "app.ingredient", "pk": 672, "fields": {"name": "конфеты M&M’s", "measurement_unit": "г"}}, {"model": "app.ingredient", "pk": 673, "fields": {"name": "конфеты жевательные лакричные", "measurement_unit": "г"}}, {"model": "app.ingredient", "pk": 674, "fields": {"name": "конфеты Коровка", "measurement_unit": "г"}}, {"model": "app.ingredient", "pk": 675, "fields": {"name": "конфеты Трюфель", "measurement_unit": "г"}}, {"model": "app.ingredient", "pk": 676, "fields": {"name": "конфитюр", "measurement_unit": "по вкусу"}}, {"model": "app.ingredient", "pk": 677, "fields": {"name": "конфитюрка", "measurement_unit": "упаковка"}}, {"model": "app.ingredient", "pk": 678, "fields": {"name": "коньяк", "measurement_unit": "г"}}, {"model": "app.ingredient", "pk": 679, "fields": {"name": "копчености", "measurement_unit": "г"}}, {"model": "app.ingredient", "pk": 680, "fields": {"name": "коренья", "measurement_unit": "по вкусу"}}, {"model": "app.ingredient", "pk": 681, "fields": {"name": "кориандр", "measurement_unit": "г"}}, {"model": "app.ingredient", "pk": 682, "fields": {"name": "кориандр зелень", "measurement_unit": "г"}}, {"model": "app.ingredient", "pk": 683, "fields": {"name": "кориандр молотый", "measurement_unit": "г"}}, {"model": "app.ingredient", "pk": 684, "fields": {"name": "кориандр семена", "measurement_unit": "г"}}, {"model": "app.ingredient", "pk": 685, "fields": {"name": "коринка", "measurement_unit": "ст. л."}}, {"model": "app.ingredient", "pk": 686, "fields": {"name": "корица", "measurement_unit": "г"}}, {"model": "app.ingredient", "pk": 687, "fields": {"name": "корица молотая", "measurement_unit": "г"}}, {"model": "app.ingredient", "pk": 688, "fields": {"name": "корнишоны", "measurement_unit": "г"}}, {"model": "app.ingredient", "pk": 689, "fields": {"name": "корнишоны маринованые", "measurement_unit": "г"}}, {"model": "app.ingredient", "pk": 690, "fields": {"name": "корюшка", "measurement_unit": "г"}}, {"model": "app.ingredient", "pk": 691, "fields": {"name": "корюшка горячего копчения", "measurement_unit": "г"}}, {"model": "app.ingredient", "pk": 692, "fields": {"name": "кости", "measurement_unit": "г"}}, {"model": "app.ingredient", "pk": 693, "fields": {"name": "кости мозговые", "measurement_unit": "г"}}, {"model": "app.ingredient", "pk": 694, "fields": {"name": "кость сахарная", "measurement_unit": "г"}}, {"model": "app.ingredient", "pk": 695, "fields": {"name": "кофе в зернах", "measurement_unit": "стакан"}}, {"model": "app.ingredient", "pk": 696, "fields": {"name": "кофе зеленый", "measurement_unit": "г"}}, {"model": "app.ingredient", "pk": 697, "fields": {"name": "кофейные зерна в шоколаде", "measurement_unit": "г"}}, {"model": "app.ingredient", "pk": 698, "fields": {"name": "кофейный ликер", "measurement_unit": "г"}}, {"model": "app.ingredient", "pk": 699, "fields": {"name": "кофейный ликер Kahlua", "measurement_unit": "мл"}}, {"model": "app.ingredient", "pk": 700, "fields": {"name": "кофейный напиток", "measurement_unit": "мл"}}, {"model": "app.ingredient", "pk": 701, "fields": {"name": "кофейный сироп", "measurement_unit": "г"}}, {"model": "app.ingredient", "pk": 702, "fields": {"name": "кофейный экстракт", "measurement_unit": "мл"}}, {"model": "app.ingredient", "pk": 703, "fields": {"name": "кофе молотый", "measurement_unit": "ст. л."}}, {"model": "app.ingredient", "pk": 704, "fields": {"name": "кофе растворимый", "measurement_unit": "г"}}, {"model": "app.ingredient", "pk": 705, "fields": {"name": "кофе свежесваренный", "measurement_unit": "г"}}, {"model": "app.ingredient", "pk": 706, "fields": {"name": "кофе черный", "measurement_unit": "г"}}, {"model": "app.ingredient", "pk": 707, "fields": {"name": "кофе эспрессо", "measurement_unit": "стакан"}}, {"model": "app.ingredient", "pk": 708, "fields": {"name": "крабовое мясо", "measurement_unit": "г"}}, {"model": "app.ingredient", "pk": 709, "fields": {"name": "крабовые палочки", "measurement_unit": "по вкусу"}}, {"model": "app.ingredient", "pk": 710, "fields": {"name": "краб снежный", "measurement_unit": "по вкусу"}}, {"model": "app.ingredient", "pk": 711, "fields": {"name": "крабы", "measurement_unit": "г"}}, {"model": "app.ingredient", "pk": 712, "fields": {"name": "крапива", "measurement_unit": "г"}}, {"model": "app.ingredient", "pk": 713, "fields": {"name": "краситель-гель пищевой", "measurement_unit": "шт."}}, {"model": "app.ingredient", "pk": 714, "fields": {"name": "краситель пищевой", "measurement_unit": "г"}}, {"model": "app.ingredient", "pk": 715, "fields": {"name": "краситель пищевой вишневый", "measurement_unit": "щепотка"}}, {"model": "app.ingredient", "pk": 716, "fields": {"name": "краситель пищевой желтый", "measurement_unit": "г"}}, {"model": "app.ingredient", "pk": 717, "fields": {"name": "краситель пищевой зеленый", "measurement_unit": "ст. л."}}, {"model": "app.ingredient", "pk": 718, "fields": {"name": "краситель пищевой красный", "measurement_unit": "г"}}, {"model": "app.ingredient", "pk": 719, "fields": {"name": "краситель пищевой оранжевый", "measurement_unit": "г"}}, {"model": "app.ingredient", "pk": 720, "fields": {"name": "краситель пищевой фиолетовый", "measurement_unit": "г"}}, {"model": "app.ingredient", "pk": 721, "fields": {"name": "краситель пищевой черный", "measurement_unit": "г"}}, {"model": "app.ingredient", "pk": 722, "fields": {"name": "красная смородина", "measurement_unit": "г"}}, {"model": "app.ingredient", "pk": 723, "fields": {"name": "красная смородина, протертая с сахаром", "measurement_unit": "ст. л."}}, {"model": "app.ingredient", "pk": 724, "fields": {"name": "красноперка", "measurement_unit": "шт."}}, {"model": "app.ingredient", "pk": 725, "fields": {"name": "красносмородиновое варенье", "measurement_unit": "г"}}, {"model": "app.ingredient", "pk": 726, "fields": {"name": "красный винный соус", "measurement_unit": "г"}}, {"model": "app.ingredient", "pk": 727, "fields": {"name": "крахмал", "measurement_unit": "г"}}, {"model": "app.ingredient", "pk": 728, "fields": {"name": "креветки", "measurement_unit": "г"}}, {"model": "app.ingredient", "pk": 729, "fields": {"name": "креветки замороженные", "measurement_unit": "г"}}, {"model": "app.ingredient", "pk": 730, "fields": {"name": "креветки королевские", "measurement_unit": "г"}}, {"model": "app.ingredient", "pk": 731, "fields": {"name": "креветки очищенные", "measurement_unit": "г"}}, {"model": "app.ingredient", "pk": 732, "fields": {"name": "креветки очищенные в рассоле", "measurement_unit": "г"}}, {"model": "app.ingredient", "pk": 733, "fields": {"name": "креветки салатные", "measurement_unit": "г"}}, {"model": "app.ingredient", "pk": 734, "fields": {"name": "креветки сушеные", "measurement_unit": "г"}}, {"model": "app.ingredient", "pk": 735, "fields": {"name": "креветки тигровые", "measurement_unit": "г"}}, {"model": "app.ingredient", "pk": 736, "fields": {"name": "крекер", "measurement_unit": "г"}}, {"model": "app.ingredient", "pk": 737, "fields": {"name": "крекер соленый", "measurement_unit": "г"}}, {"model": "app.ingredient", "pk": 738, "fields": {"name": "крем заварной", "measurement_unit": "г"}}, {"model": "app.ingredient", "pk": 739, "fields": {"name": "крем заварной порошковый", "measurement_unit": "г"}}, {"model": "app.ingredient", "pk": 740, "fields": {"name": "крем-фреш", "measurement_unit": "г"}}, {"model": "app.ingredient", "pk": 741, "fields": {"name": "кресс-салат", "measurement_unit": "г"}}, {"model": "app.ingredient", "pk": 742, "fields": {"name": "кровь", "measurement_unit": "мл"}}, {"model": "app.ingredient", "pk": 743, "fields": {"name": "кролик", "measurement_unit": "г"}}, {"model": "app.ingredient", "pk": 744, "fields": {"name": "кролик тушка", "measurement_unit": "г"}}, {"model": "app.ingredient", "pk": 745, "fields": {"name": "кролик филе", "measurement_unit": "г"}}, {"model": "app.ingredient", "pk": 746, "fields": {"name": "кроличья печень", "measurement_unit": "г"}}, {"model": "app.ingredient", "pk": 747, "fields": {"name": "круассаны", "measurement_unit": "по вкусу"}}, {"model": "app.ingredient", "pk": 748, "fields": {"name": "крутоны мелкие", "measurement_unit": "г"}}, {"model": "app.ingredient", "pk": 749, "fields": {"name": "крыжовник", "measurement_unit": "г"}}, {"model": "app.ingredient", "pk": 750, "fields": {"name": "крыжовниковое варенье", "measurement_unit": "банка"}}, {"model": "app.ingredient", "pk": 751, "fields": {"name": "кукуруза", "measurement_unit": "г"}}, {"model": "app.ingredient", "pk": 752, "fields": {"name": "кукуруза замороженная", "measurement_unit": "г"}}, {"model": "app.ingredient", "pk": 753, "fields": {"name": "кукуруза консервированная", "measurement_unit": "г"}}, {"model": "app.ingredient", "pk": 754, "fields": {"name": "кукуруза обжаренная кикос", "measurement_unit": "г"}}, {"model": "app.ingredient", "pk": 755, "fields": {"name": "кукурузная крупа", "measurement_unit": "г"}}, {"model": "app.ingredient", "pk": 756, "fields": {"name": "кукурузная мука", "measurement_unit": "г"}}, {"model": "app.ingredient", "pk": 757, "fields": {"name": "кукурузное масло", "measurement_unit": "г"}}, {"model": "app.ingredient", "pk": 758, "fields": {"name": "кукурузные лепешки", "measurement_unit": "шт."}}, {"model": "app.ingredient", "pk": 759, "fields": {"name": "кукурузные палочки", "measurement_unit": "г"}}, {"model": "app.ingredient", "pk": 760, "fields": {"name": "кукурузные хлопья", "measurement_unit": "г"}}, {"model": "app.ingredient", "pk": 761, "fields": {"name": "кукурузные хлопья глазированные", "measurement_unit": "г"}}, {"model": "app.ingredient", "pk": 762, "fields": {"name": "кукурузные чипсы", "measurement_unit": "г"}}, {"model": "app.ingredient", "pk": 763, "fields": {"name": "кукурузный (золотой) сироп", "measurement_unit": "г"}}, {"model": "app.ingredient", "pk": 764, "fields": {"name": "кукурузный крахмал", "measurement_unit": "по вкусу"}}, {"model": "app.ingredient", "pk": 765, "fields": {"name": "кумин", "measurement_unit": "г"}}, {"model": "app.ingredient", "pk": 766, "fields": {"name": "кумкваты", "measurement_unit": "горсть"}}, {"model": "app.ingredient", "pk": 767, "fields": {"name": "кунжут", "measurement_unit": "г"}}, {"model": "app.ingredient", "pk": 768, "fields": {"name": "кунжутная мука", "measurement_unit": "г"}}, {"model": "app.ingredient", "pk": 769, "fields": {"name": "кунжутная паста", "measurement_unit": "г"}}, {"model": "app.ingredient", "pk": 770, "fields": {"name": "кунжутное масло", "measurement_unit": "г"}}, {"model": "app.ingredient", "pk": 771, "fields": {"name": "кунжутные семечки", "measurement_unit": "по вкусу"}}, {"model": "app.ingredient", "pk": 772, "fields": {"name": "кунжут черный", "measurement_unit": "ч. л."}}, {"model": "app.ingredient", "pk": 773, "fields": {"name": "купаты", "measurement_unit": "шт."}}, {"model": "app.ingredient", "pk": 774, "fields": {"name": "курага", "measurement_unit": "по вкусу"}}, {"model": "app.ingredient", "pk": 775, "fields": {"name": "курдючное сало", "measurement_unit": "г"}}, {"model": "app.ingredient", "pk": 776, "fields": {"name": "курдючный жир", "measurement_unit": "г"}}, {"model": "app.ingredient", "pk": 777, "fields": {"name": "куриная ветчина", "measurement_unit": "г"}}, {"model": "app.ingredient", "pk": 778, "fields": {"name": "куриная кожа", "measurement_unit": "г"}}, {"model": "app.ingredient", "pk": 779, "fields": {"name": "куриная печень", "measurement_unit": "г"}}, {"model": "app.ingredient", "pk": 780, "fields": {"name": "куриное карпаччо", "measurement_unit": "г"}}, {"model": "app.ingredient", "pk": 781, "fields": {"name": "куриное филе", "measurement_unit": "г"}}, {"model": "app.ingredient", "pk": 782, "fields": {"name": "куриные бедра", "measurement_unit": "г"}}, {"model": "app.ingredient", "pk": 783, "fields": {"name": "куриные голени", "measurement_unit": "г"}}, {"model": "app.ingredient", "pk": 784, "fields": {"name": "куриные голени копченые", "measurement_unit": "шт."}}, {"model": "app.ingredient", "pk": 785, "fields": {"name": "куриные грудки", "measurement_unit": "г"}}, {"model": "app.ingredient", "pk": 786, "fields": {"name": "куриные грудки вареные", "measurement_unit": "г"}}, {"model": "app.ingredient", "pk": 787, "fields": {"name": "куриные грудки копченые", "measurement_unit": "г"}}, {"model": "app.ingredient", "pk": 788, "fields": {"name": "куриные желудочки", "measurement_unit": "шт."}}, {"model": "app.ingredient", "pk": 789, "fields": {"name": "куриные кости", "measurement_unit": "г"}}, {"model": "app.ingredient", "pk": 790, "fields": {"name": "куриные крылья", "measurement_unit": "г"}}, {"model": "app.ingredient", "pk": 791, "fields": {"name": "куриные окорочка", "measurement_unit": "г"}}, {"model": "app.ingredient", "pk": 792, "fields": {"name": "куриные окорочка копченые", "measurement_unit": "г"}}, {"model": "app.ingredient", "pk": 793, "fields": {"name": "куриные потрошки", "measurement_unit": "г"}}, {"model": "app.ingredient", "pk": 794, "fields": {"name": "куриные сердечки", "measurement_unit": "г"}}, {"model": "app.ingredient", "pk": 795, "fields": {"name": "куриный бульон", "measurement_unit": "г"}}, {"model": "app.ingredient", "pk": 796, "fields": {"name": "куриный паштет", "measurement_unit": "г"}}, {"model": "app.ingredient", "pk": 797, "fields": {"name": "куриный суповой набор", "measurement_unit": "кг"}}, {"model": "app.ingredient", "pk": 798, "fields": {"name": "куриный фарш", "measurement_unit": "г"}}, {"model": "app.ingredient", "pk": 799, "fields": {"name": "курица", "measurement_unit": "г"}}, {"model": "app.ingredient", "pk": 800, "fields": {"name": "курица вареная", "measurement_unit": "г"}}, {"model": "app.ingredient", "pk": 801, "fields": {"name": "курица для жарки", "measurement_unit": "кг"}}, {"model": "app.ingredient", "pk": 802, "fields": {"name": "курица копченая", "measurement_unit": "г"}}, {"model": "app.ingredient", "pk": 803, "fields": {"name": "курица тушка", "measurement_unit": "г"}}, {"model": "app.ingredient", "pk": 804, "fields": {"name": "куркума", "measurement_unit": "г"}}, {"model": "app.ingredient", "pk": 805, "fields": {"name": "куропатки", "measurement_unit": "г"}}, {"model": "app.ingredient", "pk": 806, "fields": {"name": "кускус", "measurement_unit": "г"}}, {"model": "app.ingredient", "pk": 807, "fields": {"name": "кускус жемчужный", "measurement_unit": "стакан"}}, {"model": "app.ingredient", "pk": 808, "fields": {"name": "кэроб", "measurement_unit": "г"}}, {"model": "app.ingredient", "pk": 809, "fields": {"name": "лаванда", "measurement_unit": "г"}}, {"model": "app.ingredient", "pk": 810, "fields": {"name": "лаванда сушеная", "measurement_unit": "щепотка"}}, {"model": "app.ingredient", "pk": 811, "fields": {"name": "лавандовый краситель", "measurement_unit": "ч. л."}}, {"model": "app.ingredient", "pk": 812, "fields": {"name": "лаваш", "measurement_unit": "по вкусу"}}, {"model": "app.ingredient", "pk": 813, "fields": {"name": "лаваш армянский", "measurement_unit": "г"}}, {"model": "app.ingredient", "pk": 814, "fields": {"name": "лаваш персидский круглый", "measurement_unit": "г"}}, {"model": "app.ingredient", "pk": 815, "fields": {"name": "лаваш тонкий", "measurement_unit": "пласт"}}, {"model": "app.ingredient", "pk": 816, "fields": {"name": "лавровые листья свежие", "measurement_unit": "шт."}}, {"model": "app.ingredient", "pk": 817, "fields": {"name": "лавровый лист", "measurement_unit": "г"}}, {"model": "app.ingredient", "pk": 818, "fields": {"name": "лайм", "measurement_unit": "г"}}, {"model": "app.ingredient", "pk": 819, "fields": {"name": "лайм листья", "measurement_unit": "шт."}}, {"model": "app.ingredient", "pk": 820, "fields": {"name": "лаймовая цедра", "measurement_unit": "г"}}, {"model": "app.ingredient", "pk": 821, "fields": {"name": "лаймовый сок", "measurement_unit": "г"}}, {"model": "app.ingredient", "pk": 822, "fields": {"name": "лангустины", "measurement_unit": "шт."}}, {"model": "app.ingredient", "pk": 823, "fields": {"name": "лапша", "measurement_unit": "г"}}, {"model": "app.ingredient", "pk": 824, "fields": {"name": "лапша для лагмана", "measurement_unit": "упаковка"}}, {"model": "app.ingredient", "pk": 825, "fields": {"name": "лапша ширатаки", "measurement_unit": "г"}}, {"model": "app.ingredient", "pk": 826, "fields": {"name": "лапша яичная в гнездах", "measurement_unit": "шт."}}, {"model": "app.ingredient", "pk": 827, "fields": {"name": "латук", "measurement_unit": "г"}}, {"model": "app.ingredient", "pk": 828, "fields": {"name": "легкие", "measurement_unit": "г"}}, {"model": "app.ingredient", "pk": 829, "fields": {"name": "лед", "measurement_unit": "г"}}, {"model": "app.ingredient", "pk": 830, "fields": {"name": "леди-фиш тушка", "measurement_unit": "шт."}}, {"model": "app.ingredient", "pk": 831, "fields": {"name": "лемонграсс (лимонное сорго)", "measurement_unit": "г"}}, {"model": "app.ingredient", "pk": 832, "fields": {"name": "лен семена", "measurement_unit": "г"}}, {"model": "app.ingredient", "pk": 833, "fields": {"name": "лепешки", "measurement_unit": "г"}}, {"model": "app.ingredient", "pk": 834, "fields": {"name": "лепешки арабские", "measurement_unit": "шт."}}, {"model": "app.ingredient", "pk": 835, "fields": {"name": "лесные орехи", "measurement_unit": "г"}}, {"model": "app.ingredient", "pk": 836, "fields": {"name": "лечо", "measurement_unit": "г"}}, {"model": "app.ingredient", "pk": 837, "fields": {"name": "ливер", "measurement_unit": "г"}}, {"model": "app.ingredient", "pk": 838, "fields": {"name": "ликер", "measurement_unit": "г"}}, {"model": "app.ingredient", "pk": 839, "fields": {"name": "ликер Alchermes", "measurement_unit": "г"}}, {"model": "app.ingredient", "pk": 840, "fields": {"name": "ликер Amaretto", "measurement_unit": "г"}}, {"model": "app.ingredient", "pk": 841, "fields": {"name": "ликер Baileys", "measurement_unit": "г"}}, {"model": "app.ingredient", "pk": 842, "fields": {"name": "ликер Cointreau", "measurement_unit": "г"}}, {"model": "app.ingredient", "pk": 843, "fields": {"name": "ликер кремовый", "measurement_unit": "г"}}, {"model": "app.ingredient", "pk": 844, "fields": {"name": "ликер сливочный", "measurement_unit": "г"}}, {"model": "app.ingredient", "pk": 845, "fields": {"name": "лимонад", "measurement_unit": "г"}}, {"model": "app.ingredient", "pk": 846, "fields": {"name": "лимонная кислота", "measurement_unit": "г"}}, {"model": "app.ingredient", "pk": 847, "fields": {"name": "лимонная цедра", "measurement_unit": "г"}}, {"model": "app.ingredient", "pk": 848, "fields": {"name": "лимонник стебель", "measurement_unit": "г"}}, {"model": "app.ingredient", "pk": 849, "fields": {"name": "лимонник ягоды", "measurement_unit": "г"}}, {"model": "app.ingredient", "pk": 850, "fields": {"name": "лимонные корочки засахаренные", "measurement_unit": "г"}}, {"model": "app.ingredient", "pk": 851, "fields": {"name": "лимонные цукаты", "measurement_unit": "г"}}, {"model": "app.ingredient", "pk": 852, "fields": {"name": "лимонный сок", "measurement_unit": "г"}}, {"model": "app.ingredient", "pk": 853, "fields": {"name": "лимонный уксус", "measurement_unit": "г"}}, {"model": "app.ingredient", "pk": 854, "fields": {"name": "лимонный экстракт", "measurement_unit": "г"}}, {"model": "app.ingredient", "pk": 855, "fields": {"name": "лимончелло", "measurement_unit": "г"}}, {"model": "app.ingredient", "pk": 856, "fields": {"name": "лимоны", "measurement_unit": "г"}}, {"model": "app.ingredient", "pk": 857, "fields": {"name": "лимоны сушеные", "measurement_unit": ""}}, {"model": "app.ingredient", "pk": 858, "fields": {"name": "лингвине", "measurement_unit": "шт."}}, {"model": "app.ingredient", "pk": 859, "fields": {"name": "лисички", "measurement_unit": "г"}}, {"model": "app.ingredient", "pk": 860, "fields": {"name": "лисички сушеные", "measurement_unit": "г"}}, {"model": "app.ingredient", "pk": 861, "fields": {"name": "личи", "measurement_unit": "шт."}}, {"model": "app.ingredient", "pk": 862, "fields": {"name": "личи компот", "measurement_unit": "г"}}, {"model": "app.ingredient", "pk": 863, "fields": {"name": "лобстер", "measurement_unit": "г"}}, {"model": "app.ingredient", "pk": 864, "fields": {"name": "лонган", "measurement_unit": "г"}}, {"model": "app.ingredient", "pk": 865, "fields": {"name": "лонгконг", "measurement_unit": "шт."}}, {"model": "app.ingredient", "pk": 866, "fields": {"name": "лососевые молоки", "measurement_unit": "г"}}, {"model": "app.ingredient", "pk": 867, "fields": {"name": "лососевый фарш", "measurement_unit": "г"}}, {"model": "app.ingredient", "pk": 868, "fields": {"name": "лосось", "measurement_unit": "г"}}, {"model": "app.ingredient", "pk": 869, "fields": {"name": "лосось горячего копчения", "measurement_unit": "г"}}, {"model": "app.ingredient", "pk": 870, "fields": {"name": "лосось копченый", "measurement_unit": "г"}}, {"model": "app.ingredient", "pk": 871, "fields": {"name": "лосось свежесоленый", "measurement_unit": "г"}}, {"model": "app.ingredient", "pk": 872, "fields": {"name": "лосось свежий", "measurement_unit": "г"}}, {"model": "app.ingredient", "pk": 873, "fields": {"name": "лосось свежий филе", "measurement_unit": "г"}}, {"model": "app.ingredient", "pk": 874, "fields": {"name": "лосось слабосоленый", "measurement_unit": "г"}}, {"model": "app.ingredient", "pk": 875, "fields": {"name": "лосось стейки", "measurement_unit": "г"}}, {"model": "app.ingredient", "pk": 876, "fields": {"name": "лосось филе", "measurement_unit": "г"}}, {"model": "app.ingredient", "pk": 877, "fields": {"name": "лосось филе на коже", "measurement_unit": "г"}}, {"model": "app.ingredient", "pk": 878, "fields": {"name": "лосось холодного копчения", "measurement_unit": "г"}}, {"model": "app.ingredient", "pk": 879, "fields": {"name": "лосятина", "measurement_unit": "кг"}}, {"model": "app.ingredient", "pk": 880, "fields": {"name": "лук белый", "measurement_unit": "по вкусу"}}, {"model": "app.ingredient", "pk": 881, "fields": {"name": "лук зеленый", "measurement_unit": "г"}}, {"model": "app.ingredient", "pk": 882, "fields": {"name": "лук красный", "measurement_unit": "по вкусу"}}, {"model": "app.ingredient", "pk": 883, "fields": {"name": "лук маринованный", "measurement_unit": "г"}}, {"model": "app.ingredient", "pk": 884, "fields": {"name": "луковая шелуха", "measurement_unit": "г"}}, {"model": "app.ingredient", "pk": 885, "fields": {"name": "луковый порошок", "measurement_unit": "г"}}, {"model": "app.ingredient", "pk": 886, "fields": {"name": "лук-порей", "measurement_unit": "горсть"}}, {"model": "app.ingredient", "pk": 887, "fields": {"name": "лук-резанец", "measurement_unit": "по вкусу"}}, {"model": "app.ingredient", "pk": 888, "fields": {"name": "лук репчатый", "measurement_unit": "г"}}, {"model": "app.ingredient", "pk": 889, "fields": {"name": "лук репчатый мелкий", "measurement_unit": "г"}}, {"model": "app.ingredient", "pk": 890, "fields": {"name": "лук салатный", "measurement_unit": "шт."}}, {"model": "app.ingredient", "pk": 891, "fields": {"name": "лук сушеный", "measurement_unit": "г"}}, {"model": "app.ingredient", "pk": 892, "fields": {"name": "лук-шалот", "measurement_unit": "г"}}, {"model": "app.ingredient", "pk": 893, "fields": {"name": "лук-шалот красный", "measurement_unit": "шт."}}, {"model": "app.ingredient", "pk": 894, "fields": {"name": "льняная мука", "measurement_unit": "г"}}, {"model": "app.ingredient", "pk": 895, "fields": {"name": "льняное масло", "measurement_unit": "ч. л."}}, {"model": "app.ingredient", "pk": 896, "fields": {"name": "льняное семя", "measurement_unit": "г"}}, {"model": "app.ingredient", "pk": 897, "fields": {"name": "льняное семя молотое", "measurement_unit": "г"}}, {"model": "app.ingredient", "pk": 898, "fields": {"name": "любисток", "measurement_unit": "г"}}, {"model": "app.ingredient", "pk": 899, "fields": {"name": "маасдам", "measurement_unit": "г"}}, {"model": "app.ingredient", "pk": 900, "fields": {"name": "мадера", "measurement_unit": "г"}}, {"model": "app.ingredient", "pk": 901, "fields": {"name": "майонез", "measurement_unit": "г"}}, {"model": "app.ingredient", "pk": 902, "fields": {"name": "майонез домашний", "measurement_unit": "г"}}, {"model": "app.ingredient", "pk": 903, "fields": {"name": "майонез легкий", "measurement_unit": "г"}}, {"model": "app.ingredient", "pk": 904, "fields": {"name": "майонезный соус «Слобода» Постный", "measurement_unit": "г"}}, {"model": "app.ingredient", "pk": 905, "fields": {"name": "майонез оливковый", "measurement_unit": "г"}}, {"model": "app.ingredient", "pk": 906, "fields": {"name": "майонез «Слобода» Легкий", "measurement_unit": "г"}}, {"model": "app.ingredient", "pk": 907, "fields": {"name": "майонез «Слобода» На перепелиных яйцах", "measurement_unit": "г"}}, {"model": "app.ingredient", "pk": 908, "fields": {"name": "майонез «Слобода» Оливковый", "measurement_unit": "г"}}, {"model": "app.ingredient", "pk": 909, "fields": {"name": "майонез «Слобода» Провансаль", "measurement_unit": "г"}}, {"model": "app.ingredient", "pk": 910, "fields": {"name": "майонез «Слобода» С лимонным соком", "measurement_unit": "г"}}, {"model": "app.ingredient", "pk": 911, "fields": {"name": "майонез «Слобода» Сметанный", "measurement_unit": "г"}}, {"model": "app.ingredient", "pk": 912, "fields": {"name": "майоран", "measurement_unit": "г"}}, {"model": "app.ingredient", "pk": 913, "fields": {"name": "майоран свежий", "measurement_unit": "по вкусу"}}, {"model": "app.ingredient", "pk": 914, "fields": {"name": "майоран сушеный", "measurement_unit": "г"}}, {"model": "app.ingredient", "pk": 915, "fields": {"name": "мак", "measurement_unit": "г"}}, {"model": "app.ingredient", "pk": 916, "fields": {"name": "макаронные изделия", "measurement_unit": "г"}}, {"model": "app.ingredient", "pk": 917, "fields": {"name": "макаронные изделия мелкие", "measurement_unit": "г"}}, {"model": "app.ingredient", "pk": 918, "fields": {"name": "макароны", "measurement_unit": "г"}}, {"model": "app.ingredient", "pk": 919, "fields": {"name": "макароны-бабочки (farfalle)", "measurement_unit": "г"}}, {"model": "app.ingredient", "pk": 920, "fields": {"name": "макароны-бабочки (farfalle) мини", "measurement_unit": "г"}}, {"model": "app.ingredient", "pk": 921, "fields": {"name": "макароны баветте", "measurement_unit": "г"}}, {"model": "app.ingredient", "pk": 922, "fields": {"name": "макароны-бантики", "measurement_unit": "г"}}, {"model": "app.ingredient", "pk": 923, "fields": {"name": "макароны букатини", "measurement_unit": "г"}}, {"model": "app.ingredient", "pk": 924, "fields": {"name": "макароны джильи", "measurement_unit": "г"}}, {"model": "app.ingredient", "pk": 925, "fields": {"name": "макароны диталони", "measurement_unit": "г"}}, {"model": "app.ingredient", "pk": 926, "fields": {"name": "макароны-звездочки", "measurement_unit": "стакан"}}, {"model": "app.ingredient", "pk": 927, "fields": {"name": "макароны орзо", "measurement_unit": "г"}}, {"model": "app.ingredient", "pk": 928, "fields": {"name": "макароны-ракушки (conchiglie)", "measurement_unit": "г"}}, {"model": "app.ingredient", "pk": 929, "fields": {"name": "макароны-ракушки (conchiglie rigate)", "measurement_unit": "г"}}, {"model": "app.ingredient", "pk": 930, "fields": {"name": "макароны-ракушки крупные", "measurement_unit": "г"}}, {"model": "app.ingredient", "pk": 931, "fields": {"name": "макароны рисони", "measurement_unit": "г"}}, {"model": "app.ingredient", "pk": 932, "fields": {"name": "макароны-рожки (pipe rigate)", "measurement_unit": "г"}}, {"model": "app.ingredient", "pk": 933, "fields": {"name": "макароны-спиральки (fusilli)", "measurement_unit": "г"}}, {"model": "app.ingredient", "pk": 934, "fields": {"name": "макароны-ушки (orecchiette)", "measurement_unit": "г"}}, {"model": "app.ingredient", "pk": 935, "fields": {"name": "маккерончини", "measurement_unit": "г"}}, {"model": "app.ingredient", "pk": 936, "fields": {"name": "мак молотый", "measurement_unit": "г"}}, {"model": "app.ingredient", "pk": 937, "fields": {"name": "маковая масса", "measurement_unit": "пачка"}}, {"model": "app.ingredient", "pk": 938, "fields": {"name": "малина", "measurement_unit": "г"}}, {"model": "app.ingredient", "pk": 939, "fields": {"name": "малина замороженная", "measurement_unit": "г"}}, {"model": "app.ingredient", "pk": 940, "fields": {"name": "малина, протертая с сахаром", "measurement_unit": "стакан"}}, {"model": "app.ingredient", "pk": 941, "fields": {"name": "малина сушеная", "measurement_unit": "г"}}, {"model": "app.ingredient", "pk": 942, "fields": {"name": "малиновое варенье", "measurement_unit": "г"}}, {"model": "app.ingredient", "pk": 943, "fields": {"name": "малиновое желе", "measurement_unit": "г"}}, {"model": "app.ingredient", "pk": 944, "fields": {"name": "малиновое пюре", "measurement_unit": "г"}}, {"model": "app.ingredient", "pk": 945, "fields": {"name": "малиновый джем", "measurement_unit": "г"}}, {"model": "app.ingredient", "pk": 946, "fields": {"name": "малиновый крем", "measurement_unit": "г"}}, {"model": "app.ingredient", "pk": 947, "fields": {"name": "малиновый сироп", "measurement_unit": "ч. л."}}, {"model": "app.ingredient", "pk": 948, "fields": {"name": "малиновый соус", "measurement_unit": "ч. л."}}, {"model": "app.ingredient", "pk": 949, "fields": {"name": "малиновый уксус", "measurement_unit": "мл"}}, {"model": "app.ingredient", "pk": 950, "fields": {"name": "малиновый чай", "measurement_unit": "г"}}, {"model": "app.ingredient", "pk": 951, "fields": {"name": "манго", "measurement_unit": "по вкусу"}}, {"model": "app.ingredient", "pk": 952, "fields": {"name": "манговый сироп", "measurement_unit": "мл"}}, {"model": "app.ingredient", "pk": 953, "fields": {"name": "манго консервированное", "measurement_unit": "г"}}, {"model": "app.ingredient", "pk": 954, "fields": {"name": "мангольд", "measurement_unit": "г"}}, {"model": "app.ingredient", "pk": 955, "fields": {"name": "мангустин", "measurement_unit": "шт."}}, {"model": "app.ingredient", "pk": 956, "fields": {"name": "мандариновое пюре", "measurement_unit": "г"}}, {"model": "app.ingredient", "pk": 957, "fields": {"name": "мандариновые цукаты", "measurement_unit": "г"}}, {"model": "app.ingredient", "pk": 958, "fields": {"name": "мандариновый сок", "measurement_unit": "г"}}, {"model": "app.ingredient", "pk": 959, "fields": {"name": "мандарины", "measurement_unit": "по вкусу"}}, {"model": "app.ingredient", "pk": 960, "fields": {"name": "мандарины в собственном соку", "measurement_unit": "г"}}, {"model": "app.ingredient", "pk": 961, "fields": {"name": "манная крупа", "measurement_unit": "г"}}, {"model": "app.ingredient", "pk": 962, "fields": {"name": "маракуйя", "measurement_unit": "г"}}, {"model": "app.ingredient", "pk": 963, "fields": {"name": "маргарин", "measurement_unit": "г"}}, {"model": "app.ingredient", "pk": 964, "fields": {"name": "маргарин сливочный", "measurement_unit": "г"}}, {"model": "app.ingredient", "pk": 965, "fields": {"name": "мармелад", "measurement_unit": "по вкусу"}}, {"model": "app.ingredient", "pk": 966, "fields": {"name": "мармелад бутербродный", "measurement_unit": "г"}}, {"model": "app.ingredient", "pk": 967, "fields": {"name": "марсала", "measurement_unit": "стакан"}}, {"model": "app.ingredient", "pk": 968, "fields": {"name": "мартини", "measurement_unit": "г"}}, {"model": "app.ingredient", "pk": 969, "fields": {"name": "мартини красный", "measurement_unit": "г"}}, {"model": "app.ingredient", "pk": 970, "fields": {"name": "марципан", "measurement_unit": "по вкусу"}}, {"model": "app.ingredient", "pk": 971, "fields": {"name": "марципан зеленый", "measurement_unit": "г"}}, {"model": "app.ingredient", "pk": 972, "fields": {"name": "марципан розовый", "measurement_unit": "г"}}, {"model": "app.ingredient", "pk": 973, "fields": {"name": "маршмеллоу", "measurement_unit": "г"}}, {"model": "app.ingredient", "pk": 974, "fields": {"name": "маршмеллоу крем", "measurement_unit": "г"}}, {"model": "app.ingredient", "pk": 975, "fields": {"name": "маршмеллоу мини", "measurement_unit": "г"}}, {"model": "app.ingredient", "pk": 976, "fields": {"name": "маскарпоне", "measurement_unit": "г"}}, {"model": "app.ingredient", "pk": 977, "fields": {"name": "маслины", "measurement_unit": "г"}}, {"model": "app.ingredient", "pk": 978, "fields": {"name": "маслины без косточек", "measurement_unit": "г"}}, {"model": "app.ingredient", "pk": 979, "fields": {"name": "масло авокадо", "measurement_unit": "г"}}, {"model": "app.ingredient", "pk": 980, "fields": {"name": "масло виноградных косточек", "measurement_unit": "г"}}, {"model": "app.ingredient", "pk": 981, "fields": {"name": "масло грецкого ореха", "measurement_unit": "ч. л."}}, {"model": "app.ingredient", "pk": 982, "fields": {"name": "масло для фритюра", "measurement_unit": "г"}}, {"model": "app.ingredient", "pk": 983, "fields": {"name": "масло кедрового ореха", "measurement_unit": "г"}}, {"model": "app.ingredient", "pk": 984, "fields": {"name": "маслята", "measurement_unit": "г"}}, {"model": "app.ingredient", "pk": 985, "fields": {"name": "мастика", "measurement_unit": "г"}}, {"model": "app.ingredient", "pk": 986, "fields": {"name": "мастика желатиновая", "measurement_unit": "г"}}, {"model": "app.ingredient", "pk": 987, "fields": {"name": "мастика шоколадная", "measurement_unit": "г"}}, {"model": "app.ingredient", "pk": 988, "fields": {"name": "матча", "measurement_unit": "г"}}, {"model": "app.ingredient", "pk": 989, "fields": {"name": "мафальдине", "measurement_unit": "г"}}, {"model": "app.ingredient", "pk": 990, "fields": {"name": "маца", "measurement_unit": "г"}}, {"model": "app.ingredient", "pk": 991, "fields": {"name": "мацони", "measurement_unit": "г"}}, {"model": "app.ingredient", "pk": 992, "fields": {"name": "маш", "measurement_unit": "г"}}, {"model": "app.ingredient", "pk": 993, "fields": {"name": "мед", "measurement_unit": "г"}}, {"model": "app.ingredient", "pk": 994, "fields": {"name": "мед акации", "measurement_unit": "г"}}, {"model": "app.ingredient", "pk": 995, "fields": {"name": "мед гречишный", "measurement_unit": "г"}}, {"model": "app.ingredient", "pk": 996, "fields": {"name": "мед жидкий", "measurement_unit": "г"}}, {"model": "app.ingredient", "pk": 997, "fields": {"name": "мед лавандовый", "measurement_unit": "г"}}, {"model": "app.ingredient", "pk": 998, "fields": {"name": "мелисса", "measurement_unit": "г"}}, {"model": "app.ingredient", "pk": 999, "fields": {"name": "меренги", "measurement_unit": "шт."}}, {"model": "app.ingredient", "pk": 1000, "fields": {"name": "мидии", "measurement_unit": "г"}}, {"model": "app.ingredient", "pk": 1001, "fields": {"name": "мидии в раковинах", "measurement_unit": "г"}}, {"model": "app.ingredient", "pk": 1002, "fields": {"name": "мидии в раковинах крупные черные", "measurement_unit": "г"}}, {"model": "app.ingredient", "pk": 1003, "fields": {"name": "мидии в раковинах мелкие зеленые", "measurement_unit": "г"}}, {"model": "app.ingredient", "pk": 1004, "fields": {"name": "мидии замороженные", "measurement_unit": "шт."}}, {"model": "app.ingredient", "pk": 1005, "fields": {"name": "мидии копченые в масле", "measurement_unit": "г"}}, {"model": "app.ingredient", "pk": 1006, "fields": {"name": "микрозелень", "measurement_unit": "горсть"}}, {"model": "app.ingredient", "pk": 1007, "fields": {"name": "миндаль", "measurement_unit": "г"}}, {"model": "app.ingredient", "pk": 1008, "fields": {"name": "миндаль жареный", "measurement_unit": "г"}}, {"model": "app.ingredient", "pk": 1009, "fields": {"name": "миндаль измельченный", "measurement_unit": "г"}}, {"model": "app.ingredient", "pk": 1010, "fields": {"name": "миндальная масса", "measurement_unit": "г"}}, {"model": "app.ingredient", "pk": 1011, "fields": {"name": "миндальная мука", "measurement_unit": "г"}}, {"model": "app.ingredient", "pk": 1012, "fields": {"name": "миндальная паста", "measurement_unit": "г"}}, {"model": "app.ingredient", "pk": 1013, "fields": {"name": "миндальная эссенция", "measurement_unit": "г"}}, {"model": "app.ingredient", "pk": 1014, "fields": {"name": "миндальное масло", "measurement_unit": "г"}}, {"model": "app.ingredient", "pk": 1015, "fields": {"name": "миндальное молоко", "measurement_unit": "г"}}, {"model": "app.ingredient", "pk": 1016, "fields": {"name": "миндальное печенье", "measurement_unit": "г"}}, {"model": "app.ingredient", "pk": 1017, "fields": {"name": "миндальное пралине", "measurement_unit": "г"}}, {"model": "app.ingredient", "pk": 1018, "fields": {"name": "миндальные лепестки", "measurement_unit": "г"}}, {"model": "app.ingredient", "pk": 1019, "fields": {"name": "миндальный ликер", "measurement_unit": "г"}}, {"model": "app.ingredient", "pk": 1020, "fields": {"name": "миндальный сироп", "measurement_unit": "г"}}, {"model": "app.ingredient", "pk": 1021, "fields": {"name": "миндальный экстракт", "measurement_unit": "капля"}}, {"model": "app.ingredient", "pk": 1022, "fields": {"name": "миндаль очищенный", "measurement_unit": "г"}}, {"model": "app.ingredient", "pk": 1023, "fields": {"name": "миндаль рубленый", "measurement_unit": "г"}}, {"model": "app.ingredient", "pk": 1024, "fields": {"name": "мини-кукуруза", "measurement_unit": "шт."}}, {"model": "app.ingredient", "pk": 1025, "fields": {"name": "минога", "measurement_unit": "г"}}, {"model": "app.ingredient", "pk": 1026, "fields": {"name": "минтай", "measurement_unit": "г"}}, {"model": "app.ingredient", "pk": 1027, "fields": {"name": "минтай печень", "measurement_unit": "г"}}, {"model": "app.ingredient", "pk": 1028, "fields": {"name": "минтай филе", "measurement_unit": "г"}}, {"model": "app.ingredient", "pk": 1029, "fields": {"name": "мисо-паста", "measurement_unit": "г"}}, {"model": "app.ingredient", "pk": 1030, "fields": {"name": "мисо-суп", "measurement_unit": "пакет"}}, {"model": "app.ingredient", "pk": 1031, "fields": {"name": "можжевельник ягоды", "measurement_unit": "г"}}, {"model": "app.ingredient", "pk": 1032, "fields": {"name": "мойва", "measurement_unit": "г"}}, {"model": "app.ingredient", "pk": 1033, "fields": {"name": "моллюски", "measurement_unit": "г"}}, {"model": "app.ingredient", "pk": 1034, "fields": {"name": "молоко", "measurement_unit": "г"}}, {"model": "app.ingredient", "pk": 1035, "fields": {"name": "молоко 0,5%", "measurement_unit": "г"}}, {"model": "app.ingredient", "pk": 1036, "fields": {"name": "молоко 1,5%", "measurement_unit": "г"}}, {"model": "app.ingredient", "pk": 1037, "fields": {"name": "молоко 2,5%", "measurement_unit": "г"}}, {"model": "app.ingredient", "pk": 1038, "fields": {"name": "молоко 3,2%", "measurement_unit": "г"}}, {"model": "app.ingredient", "pk": 1039, "fields": {"name": "молоко 3,6%", "measurement_unit": "г"}}, {"model": "app.ingredient", "pk": 1040, "fields": {"name": "молоко 4%", "measurement_unit": "г"}}, {"model": "app.ingredient", "pk": 1041, "fields": {"name": "молоко 6%", "measurement_unit": "г"}}, {"model": "app.ingredient", "pk": 1042, "fields": {"name": "молоко козье", "measurement_unit": "г"}}, {"model": "app.ingredient", "pk": 1043, "fields": {"name": "молоко концентрированное", "measurement_unit": "г"}}, {"model": "app.ingredient", "pk": 1044, "fields": {"name": "молоко рисовое", "measurement_unit": "мл"}}, {"model": "app.ingredient", "pk": 1045, "fields": {"name": "молоко сгущенное", "measurement_unit": "г"}}, {"model": "app.ingredient", "pk": 1046, "fields": {"name": "молоко сгущенное вареное", "measurement_unit": "ст. л."}}, {"model": "app.ingredient", "pk": 1047, "fields": {"name": "молоко сгущенное с какао", "measurement_unit": "г"}}, {"model": "app.ingredient", "pk": 1048, "fields": {"name": "молоко сухое", "measurement_unit": "г"}}, {"model": "app.ingredient", "pk": 1049, "fields": {"name": "молоко сухое обезжиренное", "measurement_unit": "ст. л."}}, {"model": "app.ingredient", "pk": 1050, "fields": {"name": "молоко топленое", "measurement_unit": "г"}}, {"model": "app.ingredient", "pk": 1051, "fields": {"name": "молочная смесь", "measurement_unit": "г"}}, {"model": "app.ingredient", "pk": 1052, "fields": {"name": "молочные продукты", "measurement_unit": "г"}}, {"model": "app.ingredient", "pk": 1053, "fields": {"name": "морепродукты", "measurement_unit": "шт."}}, {"model": "app.ingredient", "pk": 1054, "fields": {"name": "морковное пюре", "measurement_unit": "г"}}, {"model": "app.ingredient", "pk": 1055, "fields": {"name": "морковь", "measurement_unit": "г"}}, {"model": "app.ingredient", "pk": 1056, "fields": {"name": "морковь вареная", "measurement_unit": "г"}}, {"model": "app.ingredient", "pk": 1057, "fields": {"name": "морковь крупная", "measurement_unit": "г"}}, {"model": "app.ingredient", "pk": 1058, "fields": {"name": "морковь молодая", "measurement_unit": "г"}}, {"model": "app.ingredient", "pk": 1059, "fields": {"name": "морковь по-корейски", "measurement_unit": "г"}}, {"model": "app.ingredient", "pk": 1060, "fields": {"name": "морковь тертая", "measurement_unit": "шт."}}, {"model": "app.ingredient", "pk": 1061, "fields": {"name": "мороженое", "measurement_unit": "по вкусу"}}, {"model": "app.ingredient", "pk": 1062, "fields": {"name": "мороженое ванильное", "measurement_unit": "г"}}, {"model": "app.ingredient", "pk": 1063, "fields": {"name": "мороженое клубничное", "measurement_unit": "г"}}, {"model": "app.ingredient", "pk": 1064, "fields": {"name": "мороженое лимонное", "measurement_unit": "по вкусу"}}, {"model": "app.ingredient", "pk": 1065, "fields": {"name": "мороженое малиновое", "measurement_unit": "г"}}, {"model": "app.ingredient", "pk": 1066, "fields": {"name": "мороженое пломбир", "measurement_unit": "г"}}, {"model": "app.ingredient", "pk": 1067, "fields": {"name": "мороженое шоколадное", "measurement_unit": "мл"}}, {"model": "app.ingredient", "pk": 1068, "fields": {"name": "морошка", "measurement_unit": "г"}}, {"model": "app.ingredient", "pk": 1069, "fields": {"name": "морские гребешки", "measurement_unit": "кг"}}, {"model": "app.ingredient", "pk": 1070, "fields": {"name": "морской коктейль", "measurement_unit": "г"}}, {"model": "app.ingredient", "pk": 1071, "fields": {"name": "морской коктейль в масле", "measurement_unit": "упаковка"}}, {"model": "app.ingredient", "pk": 1072, "fields": {"name": "морской коктейль замороженный", "measurement_unit": "г"}}, {"model": "app.ingredient", "pk": 1073, "fields": {"name": "морской черт", "measurement_unit": "г"}}, {"model": "app.ingredient", "pk": 1074, "fields": {"name": "морской язык", "measurement_unit": "г"}}, {"model": "app.ingredient", "pk": 1075, "fields": {"name": "морской язык филе", "measurement_unit": "г"}}, {"model": "app.ingredient", "pk": 1076, "fields": {"name": "мортаделла", "measurement_unit": "г"}}, {"model": "app.ingredient", "pk": 1077, "fields": {"name": "моцарелла", "measurement_unit": "г"}}, {"model": "app.ingredient", "pk": 1078, "fields": {"name": "моцарелла для запекания", "measurement_unit": "г"}}, {"model": "app.ingredient", "pk": 1079, "fields": {"name": "моцарелла для пиццы", "measurement_unit": "г"}}, {"model": "app.ingredient", "pk": 1080, "fields": {"name": "моцарелла мини", "measurement_unit": "г"}}, {"model": "app.ingredient", "pk": 1081, "fields": {"name": "моцарелла с травами", "measurement_unit": "г"}}, {"model": "app.ingredient", "pk": 1082, "fields": {"name": "моцарелла шарик большой", "measurement_unit": "г"}}, {"model": "app.ingredient", "pk": 1083, "fields": {"name": "мука", "measurement_unit": "г"}}, {"model": "app.ingredient", "pk": 1084, "fields": {"name": "мука 1 сорт", "measurement_unit": "г"}}, {"model": "app.ingredient", "pk": 1085, "fields": {"name": "мука 2 сорт", "measurement_unit": "г"}}, {"model": "app.ingredient", "pk": 1086, "fields": {"name": "мука «Аладушкин»", "measurement_unit": "г"}}, {"model": "app.ingredient", "pk": 1087, "fields": {"name": "мука грубого помола", "measurement_unit": "г"}}, {"model": "app.ingredient", "pk": 1088, "fields": {"name": "мука для темпуры", "measurement_unit": "г"}}, {"model": "app.ingredient", "pk": 1089, "fields": {"name": "мука из пророщенной пшеницы", "measurement_unit": "ст. л."}}, {"model": "app.ingredient", "pk": 1090, "fields": {"name": "мука манитоба", "measurement_unit": "г"}}, {"model": "app.ingredient", "pk": 1091, "fields": {"name": "мука самоподнимающаяся", "measurement_unit": "г"}}, {"model": "app.ingredient", "pk": 1092, "fields": {"name": "мука с отрубями", "measurement_unit": "ч. л."}}, {"model": "app.ingredient", "pk": 1093, "fields": {"name": "мука с семечками", "measurement_unit": "г"}}, {"model": "app.ingredient", "pk": 1094, "fields": {"name": "мука хлебопекарная", "measurement_unit": "г"}}, {"model": "app.ingredient", "pk": 1095, "fields": {"name": "мука цельнозерновая", "measurement_unit": "г"}}, {"model": "app.ingredient", "pk": 1096, "fields": {"name": "мускат белый", "measurement_unit": "мл"}}, {"model": "app.ingredient", "pk": 1097, "fields": {"name": "мускатное вино", "measurement_unit": "г"}}, {"model": "app.ingredient", "pk": 1098, "fields": {"name": "мускатный орех", "measurement_unit": "г"}}, {"model": "app.ingredient", "pk": 1099, "fields": {"name": "мускатный орех молотый", "measurement_unit": "г"}}, {"model": "app.ingredient", "pk": 1100, "fields": {"name": "мюсли", "measurement_unit": "г"}}, {"model": "app.ingredient", "pk": 1101, "fields": {"name": "мягкий творог", "measurement_unit": "г"}}, {"model": "app.ingredient", "pk": 1102, "fields": {"name": "мясной бульон", "measurement_unit": "г"}}, {"model": "app.ingredient", "pk": 1103, "fields": {"name": "мясной фарш", "measurement_unit": "г"}}, {"model": "app.ingredient", "pk": 1104, "fields": {"name": "мясо", "measurement_unit": "г"}}, {"model": "app.ingredient", "pk": 1105, "fields": {"name": "мясо дикого кабана", "measurement_unit": "г"}}, {"model": "app.ingredient", "pk": 1106, "fields": {"name": "мясо криля", "measurement_unit": "г"}}, {"model": "app.ingredient", "pk": 1107, "fields": {"name": "мясо на косточке", "measurement_unit": "кг"}}, {"model": "app.ingredient", "pk": 1108, "fields": {"name": "мята", "measurement_unit": "г"}}, {"model": "app.ingredient", "pk": 1109, "fields": {"name": "мята сушеная", "measurement_unit": "г"}}, {"model": "app.ingredient", "pk": 1110, "fields": {"name": "мятный сироп", "measurement_unit": "г"}}, {"model": "app.ingredient", "pk": 1111, "fields": {"name": "мятный шнапс", "measurement_unit": "г"}}, {"model": "app.ingredient", "pk": 1112, "fields": {"name": "нардек", "measurement_unit": "г"}}, {"model": "app.ingredient", "pk": 1113, "fields": {"name": "нектарины", "measurement_unit": "шт."}}, {"model": "app.ingredient", "pk": 1114, "fields": {"name": "нога ягненка без кости", "measurement_unit": "г"}}, {"model": "app.ingredient", "pk": 1115, "fields": {"name": "нори", "measurement_unit": "г"}}, {"model": "app.ingredient", "pk": 1116, "fields": {"name": "нуга", "measurement_unit": "г"}}, {"model": "app.ingredient", "pk": 1117, "fields": {"name": "нуга с орехами", "measurement_unit": "г"}}, {"model": "app.ingredient", "pk": 1118, "fields": {"name": "нут", "measurement_unit": "г"}}, {"model": "app.ingredient", "pk": 1119, "fields": {"name": "нутелла", "measurement_unit": "г"}}, {"model": "app.ingredient", "pk": 1120, "fields": {"name": "нут консервированный", "measurement_unit": "г"}}, {"model": "app.ingredient", "pk": 1121, "fields": {"name": "нутовая мука", "measurement_unit": "г"}}, {"model": "app.ingredient", "pk": 1122, "fields": {"name": "облепиха", "measurement_unit": "г"}}, {"model": "app.ingredient", "pk": 1123, "fields": {"name": "облепиха замороженная", "measurement_unit": "г"}}, {"model": "app.ingredient", "pk": 1124, "fields": {"name": "облепиховый сироп", "measurement_unit": "стакан"}}, {"model": "app.ingredient", "pk": 1125, "fields": {"name": "овощи", "measurement_unit": "г"}}, {"model": "app.ingredient", "pk": 1126, "fields": {"name": "овощная смесь", "measurement_unit": "г"}}, {"model": "app.ingredient", "pk": 1127, "fields": {"name": "овощная смесь замороженная", "measurement_unit": "г"}}, {"model": "app.ingredient", "pk": 1128, "fields": {"name": "овощная смесь замороженная для wok", "measurement_unit": "г"}}, {"model": "app.ingredient", "pk": 1129, "fields": {"name": "овощная смесь по-китайски", "measurement_unit": "г"}}, {"model": "app.ingredient", "pk": 1130, "fields": {"name": "овощной бульон", "measurement_unit": "по вкусу"}}, {"model": "app.ingredient", "pk": 1131, "fields": {"name": "овсяная мука", "measurement_unit": "г"}}, {"model": "app.ingredient", "pk": 1132, "fields": {"name": "овсяное молоко", "measurement_unit": "стакан"}}, {"model": "app.ingredient", "pk": 1133, "fields": {"name": "овсяное печенье", "measurement_unit": "г"}}, {"model": "app.ingredient", "pk": 1134, "fields": {"name": "овсяное толокно", "measurement_unit": "г"}}, {"model": "app.ingredient", "pk": 1135, "fields": {"name": "овсяные зерна", "measurement_unit": "г"}}, {"model": "app.ingredient", "pk": 1136, "fields": {"name": "овсяные отруби", "measurement_unit": "г"}}, {"model": "app.ingredient", "pk": 1137, "fields": {"name": "овсяные хлопья", "measurement_unit": "г"}}, {"model": "app.ingredient", "pk": 1138, "fields": {"name": "овсяные хлопья быстрого приготовления", "measurement_unit": "г"}}, {"model": "app.ingredient", "pk": 1139, "fields": {"name": "огуречный рассол", "measurement_unit": "стакан"}}, {"model": "app.ingredient", "pk": 1140, "fields": {"name": "огурцы", "measurement_unit": "г"}}, {"model": "app.ingredient", "pk": 1141, "fields": {"name": "огурцы консервированные", "measurement_unit": "шт."}}, {"model": "app.ingredient", "pk": 1142, "fields": {"name": "огурцы малосольные", "measurement_unit": "шт."}}, {"model": "app.ingredient", "pk": 1143, "fields": {"name": "огурцы маринованные", "measurement_unit": "банка"}}, {"model": "app.ingredient", "pk": 1144, "fields": {"name": "огурцы свежие", "measurement_unit": "г"}}, {"model": "app.ingredient", "pk": 1145, "fields": {"name": "огурцы соленые", "measurement_unit": "г"}}, {"model": "app.ingredient", "pk": 1146, "fields": {"name": "одуванчики", "measurement_unit": "г"}}, {"model": "app.ingredient", "pk": 1147, "fields": {"name": "окорок", "measurement_unit": "г"}}, {"model": "app.ingredient", "pk": 1148, "fields": {"name": "окорок варено-копченый", "measurement_unit": "г"}}, {"model": "app.ingredient", "pk": 1149, "fields": {"name": "окунь", "measurement_unit": "г"}}, {"model": "app.ingredient", "pk": 1150, "fields": {"name": "окунь красный филе", "measurement_unit": "г"}}, {"model": "app.ingredient", "pk": 1151, "fields": {"name": "окунь морской", "measurement_unit": "г"}}, {"model": "app.ingredient", "pk": 1152, "fields": {"name": "окунь морской филе", "measurement_unit": "г"}}, {"model": "app.ingredient", "pk": 1153, "fields": {"name": "окунь филе", "measurement_unit": "г"}}, {"model": "app.ingredient", "pk": 1154, "fields": {"name": "оленина", "measurement_unit": "г"}}, {"model": "app.ingredient", "pk": 1155, "fields": {"name": "оливки", "measurement_unit": "г"}}, {"model": "app.ingredient", "pk": 1156, "fields": {"name": "оливки без косточек", "measurement_unit": "г"}}, {"model": "app.ingredient", "pk": 1157, "fields": {"name": "оливки зеленые", "measurement_unit": "по вкусу"}}, {"model": "app.ingredient", "pk": 1158, "fields": {"name": "оливки зеленые консервированные", "measurement_unit": "банка"}}, {"model": "app.ingredient", "pk": 1159, "fields": {"name": "оливки каламата", "measurement_unit": "г"}}, {"model": "app.ingredient", "pk": 1160, "fields": {"name": "оливки консервированные", "measurement_unit": "г"}}, {"model": "app.ingredient", "pk": 1161, "fields": {"name": "оливки, фаршированные анчоусами", "measurement_unit": "г"}}, {"model": "app.ingredient", "pk": 1162, "fields": {"name": "оливки черные", "measurement_unit": "по вкусу"}}, {"model": "app.ingredient", "pk": 1163, "fields": {"name": "оливковая паста", "measurement_unit": "г"}}, {"model": "app.ingredient", "pk": 1164, "fields": {"name": "оливковое масло", "measurement_unit": "г"}}, {"model": "app.ingredient", "pk": 1165, "fields": {"name": "оливковое масло Extra Virgin", "measurement_unit": "г"}}, {"model": "app.ingredient", "pk": 1166, "fields": {"name": "опунция плоды", "measurement_unit": "г"}}, {"model": "app.ingredient", "pk": 1167, "fields": {"name": "опята", "measurement_unit": "по вкусу"}}, {"model": "app.ingredient", "pk": 1168, "fields": {"name": "опята замороженные", "measurement_unit": "г"}}, {"model": "app.ingredient", "pk": 1169, "fields": {"name": "опята маринованные", "measurement_unit": "г"}}, {"model": "app.ingredient", "pk": 1170, "fields": {"name": "орегано", "measurement_unit": "г"}}, {"model": "app.ingredient", "pk": 1171, "fields": {"name": "орегано свежий", "measurement_unit": "г"}}, {"model": "app.ingredient", "pk": 1172, "fields": {"name": "орегано сушеный", "measurement_unit": "г"}}, {"model": "app.ingredient", "pk": 1173, "fields": {"name": "орехи", "measurement_unit": "г"}}, {"model": "app.ingredient", "pk": 1174, "fields": {"name": "орехи бразильские", "measurement_unit": "г"}}, {"model": "app.ingredient", "pk": 1175, "fields": {"name": "орехи макадамия", "measurement_unit": "г"}}, {"model": "app.ingredient", "pk": 1176, "fields": {"name": "орехи пекан", "measurement_unit": "г"}}, {"model": "app.ingredient", "pk": 1177, "fields": {"name": "орехи пекан засахаренные", "measurement_unit": ""}}, {"model": "app.ingredient", "pk": 1178, "fields": {"name": "орехи пинии", "measurement_unit": "г"}}, {"model": "app.ingredient", "pk": 1179, "fields": {"name": "ореховая крошка", "measurement_unit": "стакан"}}, {"model": "app.ingredient", "pk": 1180, "fields": {"name": "ореховая паста", "measurement_unit": "шт."}}, {"model": "app.ingredient", "pk": 1181, "fields": {"name": "ореховое масло", "measurement_unit": "ст. л."}}, {"model": "app.ingredient", "pk": 1182, "fields": {"name": "ореховый ликер", "measurement_unit": "мл"}}, {"model": "app.ingredient", "pk": 1183, "fields": {"name": "ореховый соус", "measurement_unit": "ст. л."}}, {"model": "app.ingredient", "pk": 1184, "fields": {"name": "осетр", "measurement_unit": "г"}}, {"model": "app.ingredient", "pk": 1185, "fields": {"name": "осетрина холодного копчения", "measurement_unit": "г"}}, {"model": "app.ingredient", "pk": 1186, "fields": {"name": "осьминог", "measurement_unit": "г"}}, {"model": "app.ingredient", "pk": 1187, "fields": {"name": "осьминоги консервированные", "measurement_unit": "г"}}, {"model": "app.ingredient", "pk": 1188, "fields": {"name": "осьминоги мини", "measurement_unit": "г"}}, {"model": "app.ingredient", "pk": 1189, "fields": {"name": "отруби", "measurement_unit": "г"}}, {"model": "app.ingredient", "pk": 1190, "fields": {"name": "ошеек", "measurement_unit": "г"}}, {"model": "app.ingredient", "pk": 1191, "fields": {"name": "пагр", "measurement_unit": "г"}}, {"model": "app.ingredient", "pk": 1192, "fields": {"name": "пажитник", "measurement_unit": "г"}}, {"model": "app.ingredient", "pk": 1193, "fields": {"name": "пажитник семена", "measurement_unit": "г"}}, {"model": "app.ingredient", "pk": 1194, "fields": {"name": "палтус", "measurement_unit": "г"}}, {"model": "app.ingredient", "pk": 1195, "fields": {"name": "пальмовое масло", "measurement_unit": "г"}}, {"model": "app.ingredient", "pk": 1196, "fields": {"name": "пангасиус", "measurement_unit": "г"}}, {"model": "app.ingredient", "pk": 1197, "fields": {"name": "панеттоне", "measurement_unit": "шт."}}, {"model": "app.ingredient", "pk": 1198, "fields": {"name": "Панифарин", "measurement_unit": "г"}}, {"model": "app.ingredient", "pk": 1199, "fields": {"name": "панчетта", "measurement_unit": "г"}}, {"model": "app.ingredient", "pk": 1200, "fields": {"name": "папайя", "measurement_unit": "г"}}, {"model": "app.ingredient", "pk": 1201, "fields": {"name": "папайя консервированная в собственном соку", "measurement_unit": "г"}}, {"model": "app.ingredient", "pk": 1202, "fields": {"name": "папоротник", "measurement_unit": "г"}}, {"model": "app.ingredient", "pk": 1203, "fields": {"name": "папоротник соленый", "measurement_unit": "упаковка"}}, {"model": "app.ingredient", "pk": 1204, "fields": {"name": "паппарделле", "measurement_unit": "г"}}, {"model": "app.ingredient", "pk": 1205, "fields": {"name": "паприка", "measurement_unit": "г"}}, {"model": "app.ingredient", "pk": 1206, "fields": {"name": "паприка копченая", "measurement_unit": "ст. л."}}, {"model": "app.ingredient", "pk": 1207, "fields": {"name": "паприка красная", "measurement_unit": "ст. л."}}, {"model": "app.ingredient", "pk": 1208, "fields": {"name": "паприка красная молотая", "measurement_unit": "г"}}, {"model": "app.ingredient", "pk": 1209, "fields": {"name": "паприка острая копченая", "measurement_unit": "г"}}, {"model": "app.ingredient", "pk": 1210, "fields": {"name": "паприка сладкая", "measurement_unit": "г"}}, {"model": "app.ingredient", "pk": 1211, "fields": {"name": "паприка сладкая копченая", "measurement_unit": "г"}}, {"model": "app.ingredient", "pk": 1212, "fields": {"name": "паприка сладкая хлопьями", "measurement_unit": "ч. л."}}, {"model": "app.ingredient", "pk": 1213, "fields": {"name": "пармезан", "measurement_unit": "г"}}, {"model": "app.ingredient", "pk": 1214, "fields": {"name": "паста", "measurement_unit": "г"}}, {"model": "app.ingredient", "pk": 1215, "fields": {"name": "паста веджимайт", "measurement_unit": "г"}}, {"model": "app.ingredient", "pk": 1216, "fields": {"name": "паста тахини", "measurement_unit": "г"}}, {"model": "app.ingredient", "pk": 1217, "fields": {"name": "паста хариса", "measurement_unit": "ст. л."}}, {"model": "app.ingredient", "pk": 1218, "fields": {"name": "пастернак", "measurement_unit": "г"}}, {"model": "app.ingredient", "pk": 1219, "fields": {"name": "пастила", "measurement_unit": "г"}}, {"model": "app.ingredient", "pk": 1220, "fields": {"name": "пастила виноградная", "measurement_unit": "г"}}, {"model": "app.ingredient", "pk": 1221, "fields": {"name": "патиссоны", "measurement_unit": "г"}}, {"model": "app.ingredient", "pk": 1222, "fields": {"name": "патока", "measurement_unit": "г"}}, {"model": "app.ingredient", "pk": 1223, "fields": {"name": "патока крахмальная", "measurement_unit": "г"}}, {"model": "app.ingredient", "pk": 1224, "fields": {"name": "патока черная (меласса)", "measurement_unit": "г"}}, {"model": "app.ingredient", "pk": 1225, "fields": {"name": "пахта", "measurement_unit": "г"}}, {"model": "app.ingredient", "pk": 1226, "fields": {"name": "паштет", "measurement_unit": "г"}}, {"model": "app.ingredient", "pk": 1227, "fields": {"name": "пекарский порошок", "measurement_unit": "г"}}, {"model": "app.recipe", "pk": 1, "fields": {"author": 1, "name": "string", "image": "", "text": "string", "cooking_time": 1, "pub_date": "2021-10-20T20:01:03.609Z", "tags": [1, 2]}}, {"model": "app.recipe", "pk": 2, "fields": {"author": 1, "name": "string", "image": "", "text": "string", "cooking_time": 1, "pub_date": "2021-10-20T20:03:31.764Z", "tags": [1, 2]}}, {"model": "app.recipe", "pk": 3, "fields": {"author": 1, "name": "string", "image": "", "text": "string", "cooking_time": 1, "pub_date": "2021-10-20T20:09:26.237Z", "tags": [1, 2]}}, {"model": "app.recipe", "pk": 4, "fields": {"author": 1, "name": "string", "image": "", "text": "string", "cooking_time": 1, "pub_date": "2021-10-20T20:11:14.032Z", "tags": [1, 2]}}, {"model": "app.recipe", "pk": 5, "fields": {"author": 1, "name": "string", "image": "", "text": "string", "cooking_time": 1, "pub_date": "2021-10-20T20:11:44.724Z", "tags": [1, 2]}}, {"model": "app.recipe", "pk": 6, "fields": {"author": 1, "name": "string", "image": "", "text": "string", "cooking_time": 1, "pub_date": "2021-10-20T20:12:14.475Z", "tags": [1, 2]}}, {"model": "app.recipe", "pk": 7, "fields": {"author": 1, "name": "string", "image": "", "text": "string", "cooking_time": 1, "pub_date": "2021-10-20T20:16:46.996Z", "tags": [1, 2]}}, {"model": "app.recipe", "pk": 8, "fields": {"author": 1, "name": "string", "image": "", "text": "string", "cooking_time": 1, "pub_date": "2021-10-20T20:17:39.001Z", "tags": [1, 2]}}, {"model": "app.recipe", "pk": 9, "fields": {"author": 1, "name": "string", "image": "", "text": "string", "cooking_time": 1, "pub_date": "2021-10-20T20:20:24.661Z", "tags": [1, 2]}}, {"model": "app.recipe", "pk": 10, "fields": {"author": 1, "name": "string", "image": "", "text": "string", "cooking_time": 1, "pub_date": "2021-10-20T20:21:53.519Z", "tags": [1, 2]}}, {"model": "app.recipe", "pk": 11, "fields": {"author": 1, "name": "string", "image": "", "text": "string", "cooking_time": 1, "pub_date": "2021-10-20T20:22:47.982Z", "tags": [1, 2]}}, {"model": "app.recipe", "pk": 12, "fields": {"author": 1, "name": "string", "image": "", "text": "string", "cooking_time": 1, "pub_date": "2021-10-20T20:27:38.615Z", "tags": [1, 2]}}, {"model": "app.recipe", "pk": 13, "fields": {"author": 1, "name": "string", "image": "", "text": "string", "cooking_time": 1, "pub_date": "2021-10-20T20:28:21.486Z", "tags": [1, 2]}}, {"model": "app.recipe", "pk": 14, "fields": {"author": 1, "name": "string", "image": "", "text": "string", "cooking_time": 1, "pub_date": "2021-10-20T20:32:11.578Z", "tags": [1, 2]}}, {"model": "app.recipe", "pk": 15, "fields": {"author": 1, "name": "string", "image": "", "text": "string", "cooking_time": 1, "pub_date": "2021-10-20T20:41:45.401Z", "tags": [1, 2]}}, {"model": "app.recipe", "pk": 16, "fields": {"author": 1, "name": "string", "image": "", "text": "string", "cooking_time": 1, "pub_date": "2021-10-20T20:43:23.689Z", "tags": [1, 2]}}, {"model": "app.recipe", "pk": 17, "fields": {"author": 1, "name": "new string", "image": "", "text": "the new long string", "cooking_time": 10, "pub_date": "2021-10-21T16:50:50.706Z", "tags": [2, 3]}}, {"model": "app.recipe", "pk": 18, "fields": {"author": 1, "name": "new string", "image": "", "text": "the new long string", "cooking_time": 10, "pub_date": "2021-10-21T16:55:26.732Z", "tags": [2, 3]}}, {"model": "app.recipe", "pk": 19, "fields": {"author": 1, "name": "new string", "image": "", "text": "the new long string", "cooking_time": 10, "pub_date": "2021-10-21T16:58:45.383Z", "tags": [2, 3]}}, {"model": "app.recipe", "pk": 20, "fields": {"author": 1, "name": "new string", "image": "", "text": "the new long string", "cooking_time": 10, "pub_date": "2021-10-21T17:08:40.019Z", "tags": [2, 3]}}, {"model": "app.recipe", "pk": 21, "fields": {"author": 1, "name": "new string", "image": "", "text": "the new long string", "cooking_time": 10, "pub_date": "2021-10-21T17:09:22.725Z", "tags": [2, 3]}}, {"model": "app.recipe", "pk": 22, "fields": {"author": 1, "name": "new string", "image": "", "text": "the new long string", "cooking_time": 10, "pub_date": "2021-10-21T17:09:41.850Z", "tags": [2, 3]}}, {"model": "app.recipe", "pk": 23, "fields": {"author": 1, "name": "new string", "image": "", "text": "the new long string", "cooking_time": 10, "pub_date": "2021-10-21T17:16:49.083Z", "tags": [2, 3]}}, {"model": "app.recipe", "pk": 24, "fields": {"author": 1, "name": "new PUT string", "image": "image/image_e5TwM4z.png", "text": "the new PUT long string", "cooking_time": 10, "pub_date": "2021-10-21T17:24:32.941Z", "tags": [1, 2]}}, {"model": "app.recipe", "pk": 35, "fields": {"author": 1, "name": "new PUT string", "image": "image/image_bwG4wr6.png", "text": "the new PUT long string", "cooking_time": 10, "pub_date": "2021-10-22T19:02:35.572Z", "tags": [1, 2]}}, {"model": "app.recipe", "pk": 36, "fields": {"author": 1, "name": "new PUT string", "image": "image/image_UuixG2s.png", "text": "the new PUT long string", "cooking_time": 10, "pub_date": "2021-10-22T19:03:35.966Z", "tags": [1, 2]}}, {"model": "app.recipe", "pk": 37, "fields": {"author": 1, "name": "new PUT string", "image": "image/image_TE7FELb.png", "text": "the new PUT long string", "cooking_time": 10, "pub_date": "2021-10-24T19:35:48.586Z", "tags": [1, 2]}}, {"model": "app.recipe", "pk": 38, "fields": {"author": 1, "name": "new PUT string", "image": "image/image_YP8mBN8.png", "text": "the new PUT long string", "cooking_time": 10, "pub_date": "2021-10-24T19:38:09.273Z", "tags": [1, 2]}}, {"model": "app.recipe", "pk": 39, "fields": {"author": 1, "name": "new PUT string", "image": "image/image_0eEBfwh.png", "text": "the new PUT long string", "cooking_time": 10, "pub_date": "2021-10-24T19:43:19.404Z", "tags": [1, 2]}}, {"model": "app.recipe", "pk": 41, "fields": {"author": 1, "name": "new PUT string", "image": "image/image_HXprALR.png", "text": "the new PUT long string", "cooking_time": 10, "pub_date": "2021-10-24T19:53:01.107Z", "tags": [2, 3]}}, {"model": "app.recipeingredients", "pk": 1, "fields": {"ingredient": 1, "recipe": 10, "amount": 10}}, {"model": "app.recipeingredients", "pk": 2, "fields": {"ingredient": 23, "recipe": 10, "amount": 5}}, {"model": "app.recipeingredients", "pk": 3, "fields": {"ingredient": 1, "recipe": 11, "amount": 10}}, {"model": "app.recipeingredients", "pk": 4, "fields": {"ingredient": 23, "recipe": 11, "amount": 5}}, {"model": "app.recipeingredients", "pk": 5, "fields": {"ingredient": 1, "recipe": 12, "amount": 10}}, {"model": "app.recipeingredients", "pk": 6, "fields": {"ingredient": 23, "recipe": 12, "amount": 5}}, {"model": "app.recipeingredients", "pk": 7, "fields": {"ingredient": 1, "recipe": 13, "amount": 10}}, {"model": "app.recipeingredients", "pk": 8, "fields": {"ingredient": 23, "recipe": 13, "amount": 5}}, {"model": "app.recipeingredients", "pk": 9, "fields": {"ingredient": 1, "recipe": 14, "amount": 10}}, {"model": "app.recipeingredients", "pk": 10, "fields": {"ingredient": 23, "recipe": 14, "amount": 5}}, {"model": "app.recipeingredients", "pk": 11, "fields": {"ingredient": 1, "recipe": 15, "amount": 10}}, {"model": "app.recipeingredients", "pk": 12, "fields": {"ingredient": 23, "recipe": 15, "amount": 5}}, {"model": "app.recipeingredients", "pk": 13, "fields": {"ingredient": 1, "recipe": 16, "amount": 10}}, {"model": "app.recipeingredients", "pk": 14, "fields": {"ingredient": 23, "recipe": 16, "amount": 5}}, {"model": "app.recipeingredients", "pk": 15, "fields": {"ingredient": 4, "recipe": 17, "amount": 5}}, {"model": "app.recipeingredients", "pk": 16, "fields": {"ingredient": 32, "recipe": 17, "amount": 7}}, {"model": "app.recipeingredients", "pk": 17, "fields": {"ingredient": 4, "recipe": 18, "amount": 5}}, {"model": "app.recipeingredients", "pk": 18, "fields": {"ingredient": 32, "recipe": 18, "amount": 7}}, {"model": "app.recipeingredients", "pk": 19, "fields": {"ingredient": 4, "recipe": 19, "amount": 5}}, {"model": "app.recipeingredients", "pk": 20, "fields": {"ingredient": 32, "recipe": 19, "amount": 7}}, {"model": "app.recipeingredients", "pk": 21, "fields": {"ingredient": 4, "recipe": 20, "amount": 5}}, {"model": "app.recipeingredients", "pk": 22, "fields": {"ingredient": 32, "recipe": 20, "amount": 7}}, {"model": "app.recipeingredients", "pk": 23, "fields": {"ingredient": 4, "recipe": 21, "amount": 5}}, {"model": "app.recipeingredients", "pk": 24, "fields": {"ingredient": 32, "recipe": 21, "amount": 7}}, {"model": "app.recipeingredients", "pk": 25, "fields": {"ingredient": 4, "recipe": 22, "amount": 5}}, {"model": "app.recipeingredients", "pk": 26, "fields": {"ingredient": 32, "recipe": 22, "amount": 7}}, {"model": "app.recipeingredients", "pk": 27, "fields": {"ingredient": 14, "recipe": 23, "amount": 5}}, {"model": "app.recipeingredients", "pk": 28, "fields": {"ingredient": 24, "recipe": 23, "amount": 7}}, {"model": "app.recipeingredients", "pk": 29, "fields": {"ingredient": 14, "recipe": 24, "amount": 5}}, {"model": "app.recipeingredients", "pk": 30, "fields": {"ingredient": 24, "recipe": 24, "amount": 7}}, {"model": "app.recipeingredients", "pk": 57, "fields": {"ingredient": 2, "recipe": 41, "amount": 5}}, {"model": "app.recipeingredients", "pk": 58, "fields": {"ingredient": 3, "recipe": 41, "amount": 7}}, {"model": "app.shopping_cart", "pk": 1, "fields": {"recipe": 41, "user": 1}}, {"model": "admin.logentry", "pk": 1, "fields": {"action_time": "2021-10-13T17:27:59.272Z", "user": 1, "content_type": 11, "object_id": "1", "object_repr": "alex", "action_flag": 2, "change_message": "[{\"changed\": {\"fields\": [\"First name\", \"Last name\"]}}]"}}, {"model": "admin.logentry", "pk": 2, "fields": {"action_time": "2021-10-13T17:43:11.947Z", "user": 1, "content_type": 3, "object_id": "1", "object_repr": "Завтрак", "action_flag": 1, "change_message": "[{\"added\": {}}]"}}, {"model": "admin.logentry", "pk": 3, "fields": {"action_time": "2021-10-13T17:43:43.599Z", "user": 1, "content_type": 3, "object_id": "2", "object_repr": "Обед", "action_flag": 1, "change_message": "[{\"added\": {}}]"}}, {"model": "admin.logentry", "pk": 4, "fields": {"action_time": "2021-10-13T17:44:01.998Z", "user": 1, "content_type": 3, "object_id": "3", "object_repr": "Ужин", "action_flag": 1, "change_message": "[{\"added\": {}}]"}}, {"model": "auth.permission", "pk": 1, "fields": {"name": "Can add Ингредиент", "content_type": 1, "codename": "add_ingredient"}}, {"model": "auth.permission", "pk": 2, "fields": {"name": "Can change Ингредиент", "content_type": 1, "codename": "change_ingredient"}}, {"model": "auth.permission", "pk": 3, "fields": {"name": "Can delete Ингредиент", "content_type": 1, "codename": "delete_ingredient"}}, {"model": "auth.permission", "pk": 4, "fields": {"name": "Can view Ингредиент", "content_type": 1, "codename": "view_ingredient"}}, {"model": "auth.permission", "pk": 5, "fields": {"name": "Can add Рецепт", "content_type": 2, "codename": "add_recipe"}}, {"model": "auth.permission", "pk": 6, "fields": {"name": "Can change Рецепт", "content_type": 2, "codename": "change_recipe"}}, {"model": "auth.permission", "pk": 7, "fields": {"name": "Can delete Рецепт", "content_type": 2, "codename": "delete_recipe"}}, {"model": "auth.permission", "pk": 8, "fields": {"name": "Can view Рецепт", "content_type": 2, "codename": "view_recipe"}}, {"model": "auth.permission", "pk": 9, "fields": {"name": "Can add Тег", "content_type": 3, "codename": "add_tag"}}, {"model": "auth.permission", "pk": 10, "fields": {"name": "Can change Тег", "content_type": 3, "codename": "change_tag"}}, {"model": "auth.permission", "pk": 11, "fields": {"name": "Can delete Тег", "content_type": 3, "codename": "delete_tag"}}, {"model": "auth.permission", "pk": 12, "fields": {"name": "Can view Тег", "content_type": 3, "codename": "view_tag"}}, {"model": "auth.permission", "pk": 13, "fields": {"name": "Can add Подписка на пользователя", "content_type": 4, "codename": "add_usersubscribe"}}, {"model": "auth.permission", "pk": 14, "fields": {"name": "Can change Подписка на пользователя", "content_type": 4, "codename": "change_usersubscribe"}}, {"model": "auth.permission", "pk": 15, "fields": {"name": "Can delete Подписка на пользователя", "content_type": 4, "codename": "delete_usersubscribe"}}, {"model": "auth.permission", "pk": 16, "fields": {"name": "Can view Подписка на пользователя", "content_type": 4, "codename": "view_usersubscribe"}}, {"model": "auth.permission", "pk": 17, "fields": {"name": "Can add Список покупок", "content_type": 5, "codename": "add_shopping_cart"}}, {"model": "auth.permission", "pk": 18, "fields": {"name": "Can change Список покупок", "content_type": 5, "codename": "change_shopping_cart"}}, {"model": "auth.permission", "pk": 19, "fields": {"name": "Can delete Список покупок", "content_type": 5, "codename": "delete_shopping_cart"}}, {"model": "auth.permission", "pk": 20, "fields": {"name": "Can view Список покупок", "content_type": 5, "codename": "view_shopping_cart"}}, {"model": "auth.permission", "pk": 21, "fields": {"name": "Can add Ингредиенты рецептов", "content_type": 6, "codename": "add_recipeingredients"}}, {"model": "auth.permission", "pk": 22, "fields": {"name": "Can change Ингредиенты рецептов", "content_type": 6, "codename": "change_recipeingredients"}}, {"model": "auth.permission", "pk": 23, "fields": {"name": "Can delete Ингредиенты рецептов", "content_type": 6, "codename": "delete_recipeingredients"}}, {"model": "auth.permission", "pk": 24, "fields": {"name": "Can view Ингредиенты рецептов", "content_type": 6, "codename": "view_recipeingredients"}}, {"model": "auth.permission", "pk": 25, "fields": {"name": "Can add Избранные рецепты", "content_type": 7, "codename": "add_favorite"}}, {"model": "auth.permission", "pk": 26, "fields": {"name": "Can change Избранные рецепты", "content_type": 7, "codename": "change_favorite"}}, {"model": "auth.permission", "pk": 27, "fields": {"name": "Can delete Избранные рецепты", "content_type": 7, "codename": "delete_favorite"}}, {"model": "auth.permission", "pk": 28, "fields": {"name": "Can view Избранные рецепты", "content_type": 7, "codename": "view_favorite"}}, {"model": "auth.permission", "pk": 29, "fields": {"name": "Can add log entry", "content_type": 8, "codename": "add_logentry"}}, {"model": "auth.permission", "pk": 30, "fields": {"name": "Can change log entry", "content_type": 8, "codename": "change_logentry"}}, {"model": "auth.permission", "pk": 31, "fields": {"name": "Can delete log entry", "content_type": 8, "codename": "delete_logentry"}}, {"model": "auth.permission", "pk": 32, "fields": {"name": "Can view log entry", "content_type": 8, "codename": "view_logentry"}}, {"model": "auth.permission", "pk": 33, "fields": {"name": "Can add permission", "content_type": 9, "codename": "add_permission"}}, {"model": "auth.permission", "pk": 34, "fields": {"name": "Can change permission", "content_type": 9, "codename": "change_permission"}}, {"model": "auth.permission", "pk": 35, "fields": {"name": "Can delete permission", "content_type": 9, "codename": "delete_permission"}}, {"model": "auth.permission", "pk": 36, "fields": {"name": "Can view permission", "content_type": 9, "codename": "view_permission"}}, {"model": "auth.permission", "pk": 37, "fields": {"name": "Can add group", "content_type": 10, "codename": "add_group"}}, {"model": "auth.permission", "pk": 38, "fields": {"name": "Can change group", "content_type": 10, "codename": "change_group"}}, {"model": "auth.permission", "pk": 39, "fields": {"name": "Can delete group", "content_type": 10, "codename": "delete_group"}}, {"model": "auth.permission", "pk": 40, "fields": {"name": "Can view group", "content_type": 10, "codename": "view_group"}}, {"model": "auth.permission", "pk": 41, "fields": {"name": "Can add user", "content_type": 11, "codename": "add_user"}}, {"model": "auth.permission", "pk": 42, "fields": {"name": "Can change user", "content_type": 11, "codename": "change_user"}}, {"model": "auth.permission", "pk": 43, "fields": {"name": "Can delete user", "content_type": 11, "codename": "delete_user"}}, {"model": "auth.permission", "pk": 44, "fields": {"name": "Can view user", "content_type": 11, "codename": "view_user"}}, {"model": "auth.permission", "pk": 45, "fields": {"name": "Can add content type", "content_type": 12, "codename": "add_contenttype"}}, {"model": "auth.permission", "pk": 46, "fields": {"name": "Can change content type", "content_type": 12, "codename": "change_contenttype"}}, {"model": "auth.permission", "pk": 47, "fields": {"name": "Can delete content type", "content_type": 12, "codename": "delete_contenttype"}}, {"model": "auth.permission", "pk": 48, "fields": {"name": "Can view content type", "content_type": 12, "codename": "view_contenttype"}}, {"model": "auth.permission", "pk": 49, "fields": {"name": "Can add session", "content_type": 13, "codename": "add_session"}}, {"model": "auth.permission", "pk": 50, "fields": {"name": "Can change session", "content_type": 13, "codename": "change_session"}}, {"model": "auth.permission", "pk": 51, "fields": {"name": "Can delete session", "content_type": 13, "codename": "delete_session"}}, {"model": "auth.permission", "pk": 52, "fields": {"name": "Can view session", "content_type": 13, "codename": "view_session"}}, {"model": "auth.permission", "pk": 53, "fields": {"name": "Can add Token", "content_type": 14, "codename": "add_token"}}, {"model": "auth.permission", "pk": 54, "fields": {"name": "Can change Token", "content_type": 14, "codename": "change_token"}}, {"model": "auth.permission", "pk": 55, "fields": {"name": "Can delete Token", "content_type": 14, "codename": "delete_token"}}, {"model": "auth.permission", "pk": 56, "fields": {"name": "Can view Token", "content_type": 14, "codename": "view_token"}}, {"model": "auth.permission", "pk": 57, "fields": {"name": "Can add token", "content_type": 15, "codename": "add_tokenproxy"}}, {"model": "auth.permission", "pk": 58, "fields": {"name": "Can change token", "content_type": 15, "codename": "change_tokenproxy"}}, {"model": "auth.permission", "pk": 59, "fields": {"name": "Can delete token", "content_type": 15, "codename": "delete_tokenproxy"}}, {"model": "auth.permission", "pk": 60, "fields": {"name": "Can view token", "content_type": 15, "codename": "view_tokenproxy"}}, {"model": "auth.user", "pk": 1, "fields": {"password": "pbkdf2_sha256$260000$IPdlwoqywxLOo3BOpHRMv2$DOYxy0Brzw+7Cw8Rs4HpvGyH2pD2VYYqpb27Bt/QBOE=", "last_login": "2021-10-28T12:11:13.100Z", "is_superuser": true, "username": "alex", "first_name": "Alex", "last_name": "Pupkin", "email": "alex@foofgram.com", "is_staff": true, "is_active": true, "date_joined": "2021-10-13T17:26:22Z", "groups": [], "user_permissions": []}}, {"model": "auth.user", "pk": 2, "fields": {"password": "pbkdf2_sha256$260000$LcEAEOuTUmKDw9WTnGVCPR$NTQc2MHk2+44rBHwfKjcukVPlcnIqkFLOEBpckY0Vrs=", "last_login": null, "is_superuser": false, "username": "pupkin", "first_name": "Вася", "last_name": "Пупкин", "email": "vpupkin@yandex.ru", "is_staff": false, "is_active": true, "date_joined": "2021-10-13T17:30:09.176Z", "groups": [], "user_permissions": []}}, {"model": "auth.user", "pk": 3, "fields": {"password": "pbkdf2_sha256$260000$6j8yxVrbtfkWVSOrf5aonw$acCKra+dqtZ4YdEQN4wfFNSlEvvmLUJh5QPDd4ScLko=", "last_login": null, "is_superuser": false, "username": "pupkin2", "first_name": "Вася", "last_name": "Пупкин", "email": "vpupkin2@yandex.ru", "is_staff": false, "is_active": true, "date_joined": "2021-10-13T17:30:44.463Z", "groups": [], "user_permissions": []}}, {"model": "contenttypes.contenttype", "pk": 1, "fields": {"app_label": "app", "model": "ingredient"}}, {"model": "contenttypes.contenttype", "pk": 2, "fields": {"app_label": "app", "model": "recipe"}}, {"model": "contenttypes.contenttype", "pk": 3, "fields": {"app_label": "app", "model": "tag"}}, {"model": "contenttypes.contenttype", "pk": 4, "fields": {"app_label": "app", "model": "usersubscribe"}}, {"model": "contenttypes.contenttype", "pk": 5, "fields": {"app_label": "app", "model": "shopping_cart"}}, {"model": "contenttypes.contenttype", "pk": 6, "fields": {"app_label": "app", "model": "recipeingredients"}}, {"model": "contenttypes.contenttype", "pk": 7, "fields": {"app_label": "app", "model": "favorite"}}, {"model": "contenttypes.contenttype", "pk": 8, "fields": {"app_label": "admin", "model": "logentry"}}, {"model": "contenttypes.contenttype", "pk": 9, "fields": {"app_label": "auth", "model": "permission"}}, {"model": "contenttypes.contenttype", "pk": 10, "fields": {"app_label": "auth", "model": "group"}}, {"model": "contenttypes.contenttype", "pk": 11, "fields": {"app_label": "auth", "model": "user"}}, {"model": "contenttypes.contenttype", "pk": 12, "fields": {"app_label": "contenttypes", "model": "contenttype"}}, {"model": "contenttypes.contenttype", "pk": 13, "fields": {"app_label": "sessions", "model": "session"}}, {"model": "contenttypes.contenttype", "pk": 14, "fields": {"app_label": "authtoken", "model": "token"}}, {"model": "contenttypes.contenttype", "pk": 15, "fields": {"app_label": "authtoken", "model": "tokenproxy"}}, {"model": "sessions.session", "pk": "g7c4wr9nnz72lygnaceutxl969ysgqzf", "fields": {"session_data": ".eJxVjEEOwiAQRe_C2hChAxSX7nsGMgODVA0kpV0Z765NutDtf-_9lwi4rSVsnZcwJ3ERSpx-N8L44LqDdMd6azK2ui4zyV2RB-1yaomf18P9OyjYy7fWyZBHdOT5PFgLmd2AJiMQgwOtgBmYImvvIqoRx-yVMagGBAveRvH-APp2ODc:1mai2S:1aPAQwgqOiTt0tVNhfPDIb_DvZtj7ztWzOAhvhIIFSk", "expire_date": "2021-10-27T17:27:36.961Z"}}, {"model": "sessions.session", "pk": "tsn2av7xx9w8cmksdl0aii80whsq0uuc", "fields": {"session_data": ".eJxVjEEOwiAQRe_C2hChAxSX7nsGMgODVA0kpV0Z765NutDtf-_9lwi4rSVsnZcwJ3ERSpx-N8L44LqDdMd6azK2ui4zyV2RB-1yaomf18P9OyjYy7fWyZBHdOT5PFgLmd2AJiMQgwOtgBmYImvvIqoRx-yVMagGBAveRvH-APp2ODc:1mg4FV:JWdzzt9pAd1BSXY8GGh4BJQilmfrJedwwmg_tbFIWVE", "expire_date": "2021-11-11T12:11:13.123Z"}}, {"model": "authtoken.token", "pk": "639fb3c97faceeaeaeb9ceace1d8cbbdee98d35c", "fields": {"user": 1, "created": "2021-10-13T17:29:49.402Z"}}]